================================================================================
LSTM 时序预测详细报告
================================================================================
生成时间: 2026-06-10 19:35:58

【模型与数据信息】
  模型名称: Seq2SeqLSTM_h256_l3_drop0.3_lr0.0005_huber_r2_0.9964.pth
  数据来源: 杭州市医院 (末尾40.0%)
  目标字段: RMS_Value
  滑动窗口总数: 85
  整体 MAPE: 3.6370%
  整体准确率: 96.36%

【异常预测记录 (窗口 MAPE > 5%, 共计 41 次)】
第 1 次预测 (起始索引 0) | 窗口 MAPE: 6.4529%
------------------------------------------------------------
点位索引     真实值             预测值             单点 MAPE     
------------------------------------------------------------
658      0.010583        0.010588        0.0452      %
659      0.010528        0.010607        0.7432      %
660      0.010447        0.010505        0.5555      %
661      0.010409        0.010429        0.1915      %
662      0.010330        0.010362        0.3069      %
663      0.010389        0.010387        0.0143      %
664      0.010463        0.010571        1.0372      %
665      0.010594        0.010549        0.4225      %
666      0.010547        0.010575        0.2708      %
667      0.010485        0.010547        0.5901      %
668      0.010393        0.010457        0.6154      %
669      0.010410        0.010431        0.2069      %
670      0.010396        0.010347        0.4721      %
671      0.010304        0.010340        0.3522      %
672      0.009318        0.008913        4.3428      %
673      0.001286        0.001253        2.5663      %
674      0.001324        0.001259        4.9534      %
675      0.001288        0.001265        1.7439      %
676      0.001295        0.001273        1.6898      %
677      0.001289        0.001276        0.9908      %
678      0.001307        0.001274        2.5480      %
679      0.001302        0.001280        1.7107      %
680      0.001302        0.001283        1.4037      %
681      0.001308        0.001284        1.8025      %
682      0.001307        0.001293        1.0610      %
683      0.001303        0.001289        1.0685      %
684      0.001306        0.001293        1.0387      %
685      0.001305        0.001296        0.7062      %
686      0.001306        0.001295        0.8335      %
687      0.001308        0.001297        0.8625      %
688      0.001311        0.001299        0.9784      %
689      0.001312        0.001300        0.9016      %
690      0.001314        0.001302        0.8867      %
691      0.001318        0.001302        1.1703      %
692      0.001317        0.001303        1.1220      %
693      0.001320        0.001303        1.2239      %
694      0.001318        0.001305        1.0264      %
695      0.001321        0.001306        1.1095      %
696      0.001321        0.001309        0.9438      %
697      0.001324        0.001310        1.0062      %
698      0.001329        0.004643        249.2615    %
699      0.009724        0.009904        1.8487      %
700      0.010215        0.010547        3.2495      %
701      0.010478        0.010625        1.4024      %
702      0.010548        0.010680        1.2582      %
703      0.010634        0.010670        0.3370      %
704      0.010619        0.010663        0.4150      %

第 2 次预测 (起始索引 1) | 窗口 MAPE: 6.4724%
------------------------------------------------------------
点位索引     真实值             预测值             单点 MAPE     
------------------------------------------------------------
659      0.010528        0.010615        0.8223      %
660      0.010447        0.010509        0.5949      %
661      0.010409        0.010432        0.2199      %
662      0.010330        0.010364        0.3308      %
663      0.010389        0.010389        0.0054      %
664      0.010463        0.010573        1.0527      %
665      0.010594        0.010551        0.4108      %
666      0.010547        0.010576        0.2794      %
667      0.010485        0.010548        0.5963      %
668      0.010393        0.010458        0.6197      %
669      0.010410        0.010431        0.2098      %
670      0.010396        0.010347        0.4701      %
671      0.010304        0.010341        0.3536      %
672      0.009318        0.008913        4.3418      %
673      0.001286        0.001253        2.5618      %
674      0.001324        0.001259        4.9506      %
675      0.001288        0.001265        1.7421      %
676      0.001295        0.001273        1.6887      %
677      0.001289        0.001276        0.9901      %
678      0.001307        0.001274        2.5476      %
679      0.001302        0.001280        1.7105      %
680      0.001302        0.001283        1.4035      %
681      0.001308        0.001284        1.8024      %
682      0.001307        0.001293        1.0610      %
683      0.001303        0.001289        1.0684      %
684      0.001306        0.001293        1.0387      %
685      0.001305        0.001296        0.7062      %
686      0.001306        0.001295        0.8335      %
687      0.001308        0.001297        0.8625      %
688      0.001311        0.001299        0.9784      %
689      0.001312        0.001300        0.9016      %
690      0.001314        0.001302        0.8867      %
691      0.001318        0.001302        1.1704      %
692      0.001317        0.001303        1.1220      %
693      0.001320        0.001303        1.2239      %
694      0.001318        0.001305        1.0264      %
695      0.001321        0.001306        1.1095      %
696      0.001321        0.001309        0.9438      %
697      0.001324        0.001310        1.0062      %
698      0.001329        0.004643        249.2615    %
699      0.009724        0.009904        1.8487      %
700      0.010215        0.010547        3.2495      %
701      0.010478        0.010625        1.4024      %
702      0.010548        0.010680        1.2582      %
703      0.010634        0.010670        0.3370      %
704      0.010619        0.010663        0.4150      %
705      0.010658        0.010574        0.7879      %

第 3 次预测 (起始索引 2) | 窗口 MAPE: 6.4699%
------------------------------------------------------------
点位索引     真实值             预测值             单点 MAPE     
------------------------------------------------------------
660      0.010447        0.010518        0.6828      %
661      0.010409        0.010436        0.2607      %
662      0.010330        0.010367        0.3586      %
663      0.010389        0.010392        0.0280      %
664      0.010463        0.010575        1.0713      %
665      0.010594        0.010552        0.3961      %
666      0.010547        0.010578        0.2907      %
667      0.010485        0.010549        0.6046      %
668      0.010393        0.010458        0.6258      %
669      0.010410        0.010432        0.2141      %
670      0.010396        0.010347        0.4672      %
671      0.010304        0.010341        0.3556      %
672      0.009318        0.008913        4.3404      %
673      0.001286        0.001253        2.5549      %
674      0.001324        0.001259        4.9463      %
675      0.001288        0.001265        1.7393      %
676      0.001295        0.001274        1.6869      %
677      0.001289        0.001276        0.9890      %
678      0.001307        0.001274        2.5469      %
679      0.001302        0.001280        1.7101      %
680      0.001302        0.001283        1.4032      %
681      0.001308        0.001284        1.8022      %
682      0.001307        0.001293        1.0609      %
683      0.001303        0.001289        1.0684      %
684      0.001306        0.001293        1.0387      %
685      0.001305        0.001296        0.7062      %
686      0.001306        0.001295        0.8335      %
687      0.001308        0.001297        0.8625      %
688      0.001311        0.001299        0.9784      %
689      0.001312        0.001300        0.9016      %
690      0.001314        0.001302        0.8867      %
691      0.001318        0.001302        1.1704      %
692      0.001317        0.001303        1.1220      %
693      0.001320        0.001303        1.2239      %
694      0.001318        0.001305        1.0264      %
695      0.001321        0.001306        1.1095      %
696      0.001321        0.001309        0.9438      %
697      0.001324        0.001310        1.0062      %
698      0.001329        0.004643        249.2615    %
699      0.009724        0.009904        1.8487      %
700      0.010215        0.010547        3.2495      %
701      0.010478        0.010625        1.4024      %
702      0.010548        0.010680        1.2582      %
703      0.010634        0.010670        0.3370      %
704      0.010619        0.010663        0.4150      %
705      0.010658        0.010574        0.7879      %
706      0.010572        0.010518        0.5134      %

第 4 次预测 (起始索引 3) | 窗口 MAPE: 6.4638%
------------------------------------------------------------
点位索引     真实值             预测值             单点 MAPE     
------------------------------------------------------------
661      0.010409        0.010446        0.3561      %
662      0.010330        0.010371        0.4007      %
663      0.010389        0.010394        0.0548      %
664      0.010463        0.010577        1.0925      %
665      0.010594        0.010554        0.3788      %
666      0.010547        0.010579        0.3047      %
667      0.010485        0.010550        0.6155      %
668      0.010393        0.010459        0.6339      %
669      0.010410        0.010432        0.2199      %
670      0.010396        0.010348        0.4631      %
671      0.010304        0.010341        0.3584      %
672      0.009318        0.008913        4.3383      %
673      0.001286        0.001253        2.5447      %
674      0.001324        0.001259        4.9399      %
675      0.001288        0.001266        1.7350      %
676      0.001295        0.001274        1.6842      %
677      0.001289        0.001276        0.9873      %
678      0.001307        0.001274        2.5459      %
679      0.001302        0.001280        1.7094      %
680      0.001302        0.001283        1.4028      %
681      0.001308        0.001284        1.8020      %
682      0.001307        0.001293        1.0607      %
683      0.001303        0.001289        1.0683      %
684      0.001306        0.001293        1.0386      %
685      0.001305        0.001296        0.7062      %
686      0.001306        0.001295        0.8335      %
687      0.001308        0.001297        0.8625      %
688      0.001311        0.001299        0.9784      %
689      0.001312        0.001300        0.9016      %
690      0.001314        0.001302        0.8867      %
691      0.001318        0.001302        1.1704      %
692      0.001317        0.001303        1.1220      %
693      0.001320        0.001303        1.2239      %
694      0.001318        0.001305        1.0264      %
695      0.001321        0.001306        1.1095      %
696      0.001321        0.001309        0.9438      %
697      0.001324        0.001310        1.0062      %
698      0.001329        0.004643        249.2615    %
699      0.009724        0.009904        1.8487      %
700      0.010215        0.010547        3.2495      %
701      0.010478        0.010625        1.4024      %
702      0.010548        0.010680        1.2582      %
703      0.010634        0.010670        0.3370      %
704      0.010619        0.010663        0.4150      %
705      0.010658        0.010574        0.7879      %
706      0.010572        0.010518        0.5134      %
707      0.010413        0.010436        0.2168      %

第 5 次预测 (起始索引 4) | 窗口 MAPE: 6.4773%
------------------------------------------------------------
点位索引     真实值             预测值             单点 MAPE     
------------------------------------------------------------
662      0.010330        0.010382        0.5032      %
663      0.010389        0.010399        0.0973      %
664      0.010463        0.010580        1.1181      %
665      0.010594        0.010556        0.3591      %
666      0.010547        0.010581        0.3210      %
667      0.010485        0.010551        0.6287      %
668      0.010393        0.010460        0.6442      %
669      0.010410        0.010433        0.2275      %
670      0.010396        0.010348        0.4576      %
671      0.010304        0.010341        0.3623      %
672      0.009318        0.008914        4.3353      %
673      0.001286        0.001253        2.5302      %
674      0.001324        0.001259        4.9304      %
675      0.001288        0.001266        1.7287      %
676      0.001295        0.001274        1.6801      %
677      0.001289        0.001276        0.9847      %
678      0.001307        0.001274        2.5442      %
679      0.001302        0.001280        1.7084      %
680      0.001302        0.001283        1.4022      %
681      0.001308        0.001284        1.8016      %
682      0.001307        0.001293        1.0605      %
683      0.001303        0.001289        1.0682      %
684      0.001306        0.001293        1.0385      %
685      0.001305        0.001296        0.7061      %
686      0.001306        0.001295        0.8335      %
687      0.001308        0.001297        0.8625      %
688      0.001311        0.001299        0.9784      %
689      0.001312        0.001300        0.9016      %
690      0.001314        0.001302        0.8867      %
691      0.001318        0.001302        1.1704      %
692      0.001317        0.001303        1.1220      %
693      0.001320        0.001303        1.2239      %
694      0.001318        0.001305        1.0264      %
695      0.001321        0.001306        1.1095      %
696      0.001321        0.001309        0.9438      %
697      0.001324        0.001310        1.0062      %
698      0.001329        0.004643        249.2615    %
699      0.009724        0.009904        1.8487      %
700      0.010215        0.010547        3.2495      %
701      0.010478        0.010625        1.4024      %
702      0.010548        0.010680        1.2582      %
703      0.010634        0.010670        0.3370      %
704      0.010619        0.010663        0.4150      %
705      0.010658        0.010574        0.7879      %
706      0.010572        0.010518        0.5134      %
707      0.010413        0.010436        0.2168      %
708      0.010311        0.010398        0.8389      %

第 6 次预测 (起始索引 5) | 窗口 MAPE: 6.5041%
------------------------------------------------------------
点位索引     真实值             预测值             单点 MAPE     
------------------------------------------------------------
663      0.010389        0.010410        0.2047      %
664      0.010463        0.010584        1.1608      %
665      0.010594        0.010559        0.3349      %
666      0.010547        0.010583        0.3396      %
667      0.010485        0.010553        0.6441      %
668      0.010393        0.010462        0.6568      %
669      0.010410        0.010434        0.2373      %
670      0.010396        0.010349        0.4502      %
671      0.010304        0.010342        0.3677      %
672      0.009318        0.008914        4.3311      %
673      0.001286        0.001254        2.5093      %
674      0.001324        0.001259        4.9168      %
675      0.001288        0.001266        1.7193      %
676      0.001295        0.001274        1.6740      %
677      0.001289        0.001276        0.9807      %
678      0.001307        0.001274        2.5418      %
679      0.001302        0.001280        1.7068      %
680      0.001302        0.001283        1.4012      %
681      0.001308        0.001284        1.8010      %
682      0.001307        0.001293        1.0601      %
683      0.001303        0.001289        1.0679      %
684      0.001306        0.001293        1.0384      %
685      0.001305        0.001296        0.7060      %
686      0.001306        0.001295        0.8334      %
687      0.001308        0.001297        0.8625      %
688      0.001311        0.001299        0.9784      %
689      0.001312        0.001300        0.9016      %
690      0.001314        0.001302        0.8867      %
691      0.001318        0.001302        1.1704      %
692      0.001317        0.001303        1.1220      %
693      0.001320        0.001303        1.2239      %
694      0.001318        0.001305        1.0264      %
695      0.001321        0.001306        1.1095      %
696      0.001321        0.001309        0.9438      %
697      0.001324        0.001310        1.0062      %
698      0.001329        0.004643        249.2615    %
699      0.009724        0.009904        1.8487      %
700      0.010215        0.010547        3.2495      %
701      0.010478        0.010625        1.4024      %
702      0.010548        0.010680        1.2582      %
703      0.010634        0.010670        0.3370      %
704      0.010619        0.010663        0.4150      %
705      0.010658        0.010574        0.7879      %
706      0.010572        0.010518        0.5134      %
707      0.010413        0.010436        0.2168      %
708      0.010311        0.010398        0.8389      %
709      0.010151        0.010318        1.6489      %

第 7 次预测 (起始索引 6) | 窗口 MAPE: 6.5531%
------------------------------------------------------------
点位索引     真实值             预测值             单点 MAPE     
------------------------------------------------------------
664      0.010463        0.010596        1.2724      %
665      0.010594        0.010563        0.2924      %
666      0.010547        0.010585        0.3629      %
667      0.010485        0.010555        0.6615      %
668      0.010393        0.010463        0.6713      %
669      0.010410        0.010435        0.2491      %
670      0.010396        0.010350        0.4410      %
671      0.010304        0.010343        0.3747      %
672      0.009318        0.008915        4.3255      %
673      0.001286        0.001254        2.4805      %
674      0.001324        0.001259        4.8974      %
675      0.001288        0.001266        1.7060      %
676      0.001295        0.001274        1.6652      %
677      0.001289        0.001276        0.9749      %
678      0.001307        0.001274        2.5381      %
679      0.001302        0.001280        1.7044      %
680      0.001302        0.001283        1.3997      %
681      0.001308        0.001284        1.8000      %
682      0.001307        0.001293        1.0595      %
683      0.001303        0.001289        1.0676      %
684      0.001306        0.001293        1.0382      %
685      0.001305        0.001296        0.7059      %
686      0.001306        0.001295        0.8334      %
687      0.001308        0.001297        0.8624      %
688      0.001311        0.001299        0.9783      %
689      0.001312        0.001300        0.9016      %
690      0.001314        0.001302        0.8867      %
691      0.001318        0.001302        1.1704      %
692      0.001317        0.001303        1.1220      %
693      0.001320        0.001303        1.2239      %
694      0.001318        0.001305        1.0264      %
695      0.001321        0.001306        1.1095      %
696      0.001321        0.001309        0.9438      %
697      0.001324        0.001310        1.0062      %
698      0.001329        0.004643        249.2615    %
699      0.009724        0.009904        1.8487      %
700      0.010215        0.010547        3.2495      %
701      0.010478        0.010625        1.4024      %
702      0.010548        0.010680        1.2582      %
703      0.010634        0.010670        0.3370      %
704      0.010619        0.010663        0.4150      %
705      0.010658        0.010574        0.7879      %
706      0.010572        0.010518        0.5134      %
707      0.010413        0.010436        0.2168      %
708      0.010311        0.010398        0.8389      %
709      0.010151        0.010318        1.6489      %
710      0.010127        0.010376        2.4626      %

第 8 次预测 (起始索引 7) | 窗口 MAPE: 6.5466%
------------------------------------------------------------
点位索引     真实值             预测值             单点 MAPE     
------------------------------------------------------------
665      0.010594        0.010575        0.1778      %
666      0.010547        0.010590        0.4056      %
667      0.010485        0.010557        0.6839      %
668      0.010393        0.010465        0.6878      %
669      0.010410        0.010437        0.2627      %
670      0.010396        0.010351        0.4298      %
671      0.010304        0.010344        0.3836      %
672      0.009318        0.008915        4.3180      %
673      0.001286        0.001255        2.4406      %
674      0.001324        0.001260        4.8699      %
675      0.001288        0.001266        1.6864      %
676      0.001295        0.001274        1.6520      %
677      0.001289        0.001277        0.9661      %
678      0.001307        0.001274        2.5323      %
679      0.001302        0.001280        1.7007      %
680      0.001302        0.001283        1.3973      %
681      0.001308        0.001284        1.7985      %
682      0.001307        0.001293        1.0586      %
683      0.001303        0.001289        1.0670      %
684      0.001306        0.001293        1.0378      %
685      0.001305        0.001296        0.7057      %
686      0.001306        0.001295        0.8332      %
687      0.001308        0.001297        0.8624      %
688      0.001311        0.001299        0.9783      %
689      0.001312        0.001300        0.9015      %
690      0.001314        0.001302        0.8867      %
691      0.001318        0.001302        1.1703      %
692      0.001317        0.001303        1.1220      %
693      0.001320        0.001303        1.2239      %
694      0.001318        0.001305        1.0264      %
695      0.001321        0.001306        1.1095      %
696      0.001321        0.001309        0.9438      %
697      0.001324        0.001310        1.0062      %
698      0.001329        0.004643        249.2615    %
699      0.009724        0.009904        1.8487      %
700      0.010215        0.010547        3.2495      %
701      0.010478        0.010625        1.4024      %
702      0.010548        0.010680        1.2582      %
703      0.010634        0.010670        0.3370      %
704      0.010619        0.010663        0.4150      %
705      0.010658        0.010574        0.7879      %
706      0.010572        0.010518        0.5134      %
707      0.010413        0.010436        0.2168      %
708      0.010311        0.010398        0.8389      %
709      0.010151        0.010318        1.6489      %
710      0.010127        0.010376        2.4626      %
711      0.010334        0.010450        1.1249      %

第 9 次预测 (起始索引 8) | 窗口 MAPE: 6.5659%
------------------------------------------------------------
点位索引     真实值             预测值             单点 MAPE     
------------------------------------------------------------
666      0.010547        0.010602        0.5249      %
667      0.010485        0.010562        0.7272      %
668      0.010393        0.010467        0.7094      %
669      0.010410        0.010438        0.2781      %
670      0.010396        0.010352        0.4171      %
671      0.010304        0.010345        0.3942      %
672      0.009318        0.008916        4.3086      %
673      0.001286        0.001255        2.3891      %
674      0.001324        0.001260        4.8333      %
675      0.001288        0.001266        1.6595      %
676      0.001295        0.001274        1.6335      %
677      0.001289        0.001277        0.9534      %
678      0.001307        0.001274        2.5240      %
679      0.001302        0.001280        1.6953      %
680      0.001302        0.001284        1.3938      %
681      0.001308        0.001284        1.7963      %
682      0.001307        0.001293        1.0572      %
683      0.001303        0.001289        1.0661      %
684      0.001306        0.001293        1.0373      %
685      0.001305        0.001296        0.7053      %
686      0.001306        0.001295        0.8330      %
687      0.001308        0.001297        0.8622      %
688      0.001311        0.001299        0.9782      %
689      0.001312        0.001300        0.9015      %
690      0.001314        0.001302        0.8866      %
691      0.001318        0.001302        1.1703      %
692      0.001317        0.001303        1.1220      %
693      0.001320        0.001303        1.2239      %
694      0.001318        0.001305        1.0264      %
695      0.001321        0.001306        1.1095      %
696      0.001321        0.001309        0.9438      %
697      0.001324        0.001310        1.0062      %
698      0.001329        0.004643        249.2615    %
699      0.009724        0.009904        1.8487      %
700      0.010215        0.010547        3.2495      %
701      0.010478        0.010625        1.4024      %
702      0.010548        0.010680        1.2582      %
703      0.010634        0.010670        0.3370      %
704      0.010619        0.010663        0.4150      %
705      0.010658        0.010574        0.7879      %
706      0.010572        0.010518        0.5134      %
707      0.010413        0.010436        0.2168      %
708      0.010311        0.010398        0.8389      %
709      0.010151        0.010318        1.6489      %
710      0.010127        0.010376        2.4626      %
711      0.010334        0.010450        1.1249      %
712      0.010470        0.010581        1.0660      %

第 10 次预测 (起始索引 9) | 窗口 MAPE: 6.5582%
------------------------------------------------------------
点位索引     真实值             预测值             单点 MAPE     
------------------------------------------------------------
667      0.010485        0.010575        0.8507      %
668      0.010393        0.010472        0.7531      %
669      0.010410        0.010441        0.2989      %
670      0.010396        0.010354        0.4026      %
671      0.010304        0.010346        0.4063      %
672      0.009318        0.008917        4.2974      %
673      0.001286        0.001256        2.3238      %
674      0.001324        0.001261        4.7846      %
675      0.001288        0.001267        1.6225      %
676      0.001295        0.001275        1.6071      %
677      0.001289        0.001277        0.9350      %
678      0.001307        0.001275        2.5116      %
679      0.001302        0.001280        1.6870      %
680      0.001302        0.001284        1.3884      %
681      0.001308        0.001285        1.7928      %
682      0.001307        0.001293        1.0549      %
683      0.001303        0.001289        1.0647      %
684      0.001306        0.001293        1.0364      %
685      0.001305        0.001296        0.7048      %
686      0.001306        0.001295        0.8327      %
687      0.001308        0.001297        0.8620      %
688      0.001311        0.001299        0.9781      %
689      0.001312        0.001300        0.9014      %
690      0.001314        0.001302        0.8866      %
691      0.001318        0.001302        1.1703      %
692      0.001317        0.001303        1.1220      %
693      0.001320        0.001303        1.2239      %
694      0.001318        0.001305        1.0264      %
695      0.001321        0.001306        1.1095      %
696      0.001321        0.001309        0.9438      %
697      0.001324        0.001310        1.0062      %
698      0.001329        0.004643        249.2615    %
699      0.009724        0.009904        1.8487      %
700      0.010215        0.010547        3.2495      %
701      0.010478        0.010625        1.4024      %
702      0.010548        0.010680        1.2582      %
703      0.010634        0.010670        0.3370      %
704      0.010619        0.010663        0.4150      %
705      0.010658        0.010574        0.7879      %
706      0.010572        0.010518        0.5134      %
707      0.010413        0.010436        0.2168      %
708      0.010311        0.010398        0.8389      %
709      0.010151        0.010318        1.6489      %
710      0.010127        0.010376        2.4626      %
711      0.010334        0.010450        1.1249      %
712      0.010470        0.010581        1.0660      %
713      0.010511        0.010534        0.2180      %

第 11 次预测 (起始索引 10) | 窗口 MAPE: 6.5478%
------------------------------------------------------------
点位索引     真实值             预测值             单点 MAPE     
------------------------------------------------------------
668      0.010393        0.010485        0.8807      %
669      0.010410        0.010445        0.3424      %
670      0.010396        0.010356        0.3828      %
671      0.010304        0.010347        0.4199      %
672      0.009318        0.008918        4.2849      %
673      0.001286        0.001257        2.2472      %
674      0.001324        0.001262        4.7244      %
675      0.001288        0.001268        1.5746      %
676      0.001295        0.001275        1.5717      %
677      0.001289        0.001277        0.9094      %
678      0.001307        0.001275        2.4940      %
679      0.001302        0.001280        1.6748      %
680      0.001302        0.001284        1.3802      %
681      0.001308        0.001285        1.7875      %
682      0.001307        0.001293        1.0514      %
683      0.001303        0.001290        1.0624      %
684      0.001306        0.001293        1.0350      %
685      0.001305        0.001296        0.7039      %
686      0.001306        0.001295        0.8321      %
687      0.001308        0.001297        0.8617      %
688      0.001311        0.001299        0.9779      %
689      0.001312        0.001300        0.9013      %
690      0.001314        0.001302        0.8865      %
691      0.001318        0.001302        1.1703      %
692      0.001317        0.001303        1.1220      %
693      0.001320        0.001303        1.2239      %
694      0.001318        0.001305        1.0264      %
695      0.001321        0.001306        1.1095      %
696      0.001321        0.001309        0.9438      %
697      0.001324        0.001310        1.0062      %
698      0.001329        0.004643        249.2615    %
699      0.009724        0.009904        1.8487      %
700      0.010215        0.010547        3.2495      %
701      0.010478        0.010625        1.4024      %
702      0.010548        0.010680        1.2582      %
703      0.010634        0.010670        0.3370      %
704      0.010619        0.010663        0.4150      %
705      0.010658        0.010574        0.7879      %
706      0.010572        0.010518        0.5134      %
707      0.010413        0.010436        0.2168      %
708      0.010311        0.010398        0.8389      %
709      0.010151        0.010318        1.6489      %
710      0.010127        0.010376        2.4626      %
711      0.010334        0.010450        1.1249      %
712      0.010470        0.010581        1.0660      %
713      0.010511        0.010534        0.2180      %
714      0.010420        0.010473        0.5064      %

第 12 次预测 (起始索引 11) | 窗口 MAPE: 6.5267%
------------------------------------------------------------
点位索引     真实值             预测值             单点 MAPE     
------------------------------------------------------------
669      0.010410        0.010459        0.4720      %
670      0.010396        0.010361        0.3393      %
671      0.010304        0.010349        0.4392      %
672      0.009318        0.008920        4.2708      %
673      0.001286        0.001258        2.1624      %
674      0.001324        0.001263        4.6544      %
675      0.001288        0.001268        1.5159      %
676      0.001295        0.001276        1.5263      %
677      0.001289        0.001278        0.8752      %
678      0.001307        0.001275        2.4696      %
679      0.001302        0.001281        1.6577      %
680      0.001302        0.001284        1.3685      %
681      0.001308        0.001285        1.7796      %
682      0.001307        0.001293        1.0463      %
683      0.001303        0.001290        1.0590      %
684      0.001306        0.001293        1.0328      %
685      0.001305        0.001296        0.7025      %
686      0.001306        0.001295        0.8313      %
687      0.001308        0.001297        0.8612      %
688      0.001311        0.001299        0.9775      %
689      0.001312        0.001300        0.9011      %
690      0.001314        0.001302        0.8864      %
691      0.001318        0.001302        1.1702      %
692      0.001317        0.001303        1.1219      %
693      0.001320        0.001303        1.2239      %
694      0.001318        0.001305        1.0264      %
695      0.001321        0.001306        1.1095      %
696      0.001321        0.001309        0.9438      %
697      0.001324        0.001310        1.0062      %
698      0.001329        0.004643        249.2615    %
699      0.009724        0.009904        1.8487      %
700      0.010215        0.010547        3.2495      %
701      0.010478        0.010625        1.4024      %
702      0.010548        0.010680        1.2582      %
703      0.010634        0.010670        0.3370      %
704      0.010619        0.010663        0.4150      %
705      0.010658        0.010574        0.7879      %
706      0.010572        0.010518        0.5134      %
707      0.010413        0.010436        0.2168      %
708      0.010311        0.010398        0.8389      %
709      0.010151        0.010318        1.6489      %
710      0.010127        0.010376        2.4626      %
711      0.010334        0.010450        1.1249      %
712      0.010470        0.010581        1.0660      %
713      0.010511        0.010534        0.2180      %
714      0.010420        0.010473        0.5064      %
715      0.010363        0.010380        0.1682      %

第 13 次预测 (起始索引 12) | 窗口 MAPE: 6.5159%
------------------------------------------------------------
点位索引     真实值             预测值             单点 MAPE     
------------------------------------------------------------
670      0.010396        0.010374        0.2078      %
671      0.010304        0.010354        0.4829      %
672      0.009318        0.008922        4.2503      %
673      0.001286        0.001259        2.0665      %
674      0.001324        0.001264        4.5775      %
675      0.001288        0.001269        1.4483      %
676      0.001295        0.001276        1.4711      %
677      0.001289        0.001278        0.8318      %
678      0.001307        0.001276        2.4376      %
679      0.001302        0.001281        1.6344      %
680      0.001302        0.001284        1.3521      %
681      0.001308        0.001285        1.7684      %
682      0.001307        0.001293        1.0388      %
683      0.001303        0.001290        1.0541      %
684      0.001306        0.001293        1.0296      %
685      0.001305        0.001296        0.7004      %
686      0.001306        0.001295        0.8300      %
687      0.001308        0.001297        0.8603      %
688      0.001311        0.001299        0.9770      %
689      0.001312        0.001300        0.9008      %
690      0.001314        0.001302        0.8862      %
691      0.001318        0.001302        1.1700      %
692      0.001317        0.001303        1.1218      %
693      0.001320        0.001303        1.2238      %
694      0.001318        0.001305        1.0264      %
695      0.001321        0.001306        1.1095      %
696      0.001321        0.001309        0.9438      %
697      0.001324        0.001310        1.0062      %
698      0.001329        0.004643        249.2615    %
699      0.009724        0.009904        1.8487      %
700      0.010215        0.010547        3.2495      %
701      0.010478        0.010625        1.4024      %
702      0.010548        0.010680        1.2582      %
703      0.010634        0.010670        0.3370      %
704      0.010619        0.010663        0.4150      %
705      0.010658        0.010574        0.7879      %
706      0.010572        0.010518        0.5134      %
707      0.010413        0.010436        0.2168      %
708      0.010311        0.010398        0.8389      %
709      0.010151        0.010318        1.6489      %
710      0.010127        0.010376        2.4626      %
711      0.010334        0.010450        1.1249      %
712      0.010470        0.010581        1.0660      %
713      0.010511        0.010534        0.2180      %
714      0.010420        0.010473        0.5064      %
715      0.010363        0.010380        0.1682      %
716      0.010343        0.010397        0.5159      %

第 14 次预测 (起始索引 13) | 窗口 MAPE: 6.5222%
------------------------------------------------------------
点位索引     真实值             预测值             单点 MAPE     
------------------------------------------------------------
671      0.010304        0.010368        0.6166      %
672      0.009318        0.008926        4.2022      %
673      0.001286        0.001261        1.9226      %
674      0.001324        0.001265        4.4891      %
675      0.001288        0.001270        1.3733      %
676      0.001295        0.001277        1.4069      %
677      0.001289        0.001279        0.7786      %
678      0.001307        0.001276        2.3963      %
679      0.001302        0.001281        1.6032      %
680      0.001302        0.001284        1.3294      %
681      0.001308        0.001285        1.7526      %
682      0.001307        0.001293        1.0278      %
683      0.001303        0.001290        1.0468      %
684      0.001306        0.001293        1.0248      %
685      0.001305        0.001296        0.6973      %
686      0.001306        0.001295        0.8279      %
687      0.001308        0.001297        0.8591      %
688      0.001311        0.001299        0.9762      %
689      0.001312        0.001300        0.9003      %
690      0.001314        0.001302        0.8859      %
691      0.001318        0.001302        1.1699      %
692      0.001317        0.001303        1.1217      %
693      0.001320        0.001303        1.2237      %
694      0.001318        0.001305        1.0263      %
695      0.001321        0.001306        1.1094      %
696      0.001321        0.001309        0.9438      %
697      0.001324        0.001310        1.0062      %
698      0.001329        0.004643        249.2615    %
699      0.009724        0.009904        1.8487      %
700      0.010215        0.010547        3.2495      %
701      0.010478        0.010625        1.4024      %
702      0.010548        0.010680        1.2582      %
703      0.010634        0.010670        0.3370      %
704      0.010619        0.010663        0.4150      %
705      0.010658        0.010574        0.7879      %
706      0.010572        0.010518        0.5134      %
707      0.010413        0.010436        0.2168      %
708      0.010311        0.010398        0.8389      %
709      0.010151        0.010318        1.6489      %
710      0.010127        0.010376        2.4626      %
711      0.010334        0.010450        1.1249      %
712      0.010470        0.010581        1.0660      %
713      0.010511        0.010534        0.2180      %
714      0.010420        0.010473        0.5064      %
715      0.010363        0.010380        0.1682      %
716      0.010343        0.010397        0.5159      %
717      0.010282        0.010383        0.9852      %

第 15 次预测 (起始索引 14) | 窗口 MAPE: 6.4959%
------------------------------------------------------------
点位索引     真实值             预测值             单点 MAPE     
------------------------------------------------------------
672      0.009318        0.008940        4.0539      %
673      0.001286        0.001266        1.5764      %
674      0.001324        0.001267        4.3531      %
675      0.001288        0.001271        1.2859      %
676      0.001295        0.001278        1.3349      %
677      0.001289        0.001280        0.7159      %
678      0.001307        0.001277        2.3448      %
679      0.001302        0.001282        1.5623      %
680      0.001302        0.001285        1.2985      %
681      0.001308        0.001285        1.7301      %
682      0.001307        0.001293        1.0120      %
683      0.001303        0.001290        1.0358      %
684      0.001306        0.001293        1.0174      %
685      0.001305        0.001296        0.6924      %
686      0.001306        0.001295        0.8248      %
687      0.001308        0.001297        0.8570      %
688      0.001311        0.001299        0.9750      %
689      0.001312        0.001300        0.8995      %
690      0.001314        0.001302        0.8854      %
691      0.001318        0.001302        1.1696      %
692      0.001317        0.001303        1.1215      %
693      0.001320        0.001303        1.2236      %
694      0.001318        0.001305        1.0262      %
695      0.001321        0.001306        1.1094      %
696      0.001321        0.001309        0.9437      %
697      0.001324        0.001310        1.0061      %
698      0.001329        0.004643        249.2615    %
699      0.009724        0.009904        1.8487      %
700      0.010215        0.010547        3.2495      %
701      0.010478        0.010625        1.4024      %
702      0.010548        0.010680        1.2582      %
703      0.010634        0.010670        0.3370      %
704      0.010619        0.010663        0.4150      %
705      0.010658        0.010574        0.7879      %
706      0.010572        0.010518        0.5134      %
707      0.010413        0.010436        0.2168      %
708      0.010311        0.010398        0.8389      %
709      0.010151        0.010318        1.6489      %
710      0.010127        0.010376        2.4626      %
711      0.010334        0.010450        1.1249      %
712      0.010470        0.010581        1.0660      %
713      0.010511        0.010534        0.2180      %
714      0.010420        0.010473        0.5064      %
715      0.010363        0.010380        0.1682      %
716      0.010343        0.010397        0.5159      %
717      0.010282        0.010383        0.9852      %
718      0.010247        0.010291        0.4280      %

第 16 次预测 (起始索引 15) | 窗口 MAPE: 6.3968%
------------------------------------------------------------
点位索引     真实值             预测值             单点 MAPE     
------------------------------------------------------------
673      0.001286        0.001279        0.5135      %
674      0.001324        0.001271        4.0216      %
675      0.001288        0.001273        1.1491      %
676      0.001295        0.001279        1.2511      %
677      0.001289        0.001281        0.6471      %
678      0.001307        0.001278        2.2868      %
679      0.001302        0.001283        1.5143      %
680      0.001302        0.001285        1.2609      %
681      0.001308        0.001286        1.7020      %
682      0.001307        0.001294        0.9916      %
683      0.001303        0.001290        1.0214      %
684      0.001306        0.001293        1.0075      %
685      0.001305        0.001296        0.6858      %
686      0.001306        0.001296        0.8204      %
687      0.001308        0.001297        0.8542      %
688      0.001311        0.001299        0.9731      %
689      0.001312        0.001300        0.8983      %
690      0.001314        0.001302        0.8847      %
691      0.001318        0.001302        1.1691      %
692      0.001317        0.001303        1.1212      %
693      0.001320        0.001303        1.2234      %
694      0.001318        0.001305        1.0261      %
695      0.001321        0.001306        1.1093      %
696      0.001321        0.001309        0.9437      %
697      0.001324        0.001310        1.0061      %
698      0.001329        0.004643        249.2616    %
699      0.009724        0.009904        1.8487      %
700      0.010215        0.010547        3.2495      %
701      0.010478        0.010625        1.4024      %
702      0.010548        0.010680        1.2582      %
703      0.010634        0.010670        0.3370      %
704      0.010619        0.010663        0.4150      %
705      0.010658        0.010574        0.7879      %
706      0.010572        0.010518        0.5134      %
707      0.010413        0.010436        0.2168      %
708      0.010311        0.010398        0.8389      %
709      0.010151        0.010318        1.6489      %
710      0.010127        0.010376        2.4626      %
711      0.010334        0.010450        1.1249      %
712      0.010470        0.010581        1.0660      %
713      0.010511        0.010534        0.2180      %
714      0.010420        0.010473        0.5064      %
715      0.010363        0.010380        0.1682      %
716      0.010343        0.010397        0.5159      %
717      0.010282        0.010383        0.9852      %
718      0.010247        0.010291        0.4280      %
719      0.009184        0.009305        1.3119      %

第 17 次预测 (起始索引 16) | 窗口 MAPE: 6.3834%
------------------------------------------------------------
点位索引     真实值             预测值             单点 MAPE     
------------------------------------------------------------
674      0.001324        0.001283        3.0947      %
675      0.001288        0.001277        0.8472      %
676      0.001295        0.001281        1.1267      %
677      0.001289        0.001282        0.5656      %
678      0.001307        0.001278        2.2197      %
679      0.001302        0.001283        1.4567      %
680      0.001302        0.001286        1.2137      %
681      0.001308        0.001286        1.6654      %
682      0.001307        0.001294        0.9640      %
683      0.001303        0.001290        1.0012      %
684      0.001306        0.001293        0.9932      %
685      0.001305        0.001296        0.6757      %
686      0.001306        0.001296        0.8134      %
687      0.001308        0.001297        0.8494      %
688      0.001311        0.001299        0.9699      %
689      0.001312        0.001300        0.8961      %
690      0.001314        0.001302        0.8832      %
691      0.001318        0.001302        1.1681      %
692      0.001317        0.001303        1.1206      %
693      0.001320        0.001303        1.2230      %
694      0.001318        0.001305        1.0258      %
695      0.001321        0.001306        1.1092      %
696      0.001321        0.001309        0.9436      %
697      0.001324        0.001310        1.0060      %
698      0.001329        0.004643        249.2616    %
699      0.009724        0.009904        1.8487      %
700      0.010215        0.010547        3.2495      %
701      0.010478        0.010625        1.4024      %
702      0.010548        0.010680        1.2582      %
703      0.010634        0.010670        0.3370      %
704      0.010619        0.010663        0.4150      %
705      0.010658        0.010574        0.7879      %
706      0.010572        0.010518        0.5134      %
707      0.010413        0.010436        0.2168      %
708      0.010311        0.010398        0.8389      %
709      0.010151        0.010318        1.6489      %
710      0.010127        0.010376        2.4626      %
711      0.010334        0.010450        1.1249      %
712      0.010470        0.010581        1.0660      %
713      0.010511        0.010534        0.2180      %
714      0.010420        0.010473        0.5064      %
715      0.010363        0.010380        0.1682      %
716      0.010343        0.010397        0.5159      %
717      0.010282        0.010383        0.9852      %
718      0.010247        0.010291        0.4280      %
719      0.009184        0.009305        1.3119      %
720      0.001294        0.001273        1.6216      %

第 18 次预测 (起始索引 17) | 窗口 MAPE: 6.3252%
------------------------------------------------------------
点位索引     真实值             预测值             单点 MAPE     
------------------------------------------------------------
675      0.001288        0.001288        0.0082      %
676      0.001295        0.001284        0.8615      %
677      0.001289        0.001283        0.4681      %
678      0.001307        0.001279        2.1753      %
679      0.001302        0.001284        1.4337      %
680      0.001302        0.001286        1.2031      %
681      0.001308        0.001286        1.6627      %
682      0.001307        0.001294        0.9659      %
683      0.001303        0.001290        1.0051      %
684      0.001306        0.001293        0.9973      %
685      0.001305        0.001296        0.6794      %
686      0.001306        0.001296        0.8163      %
687      0.001308        0.001297        0.8515      %
688      0.001311        0.001299        0.9713      %
689      0.001312        0.001300        0.8970      %
690      0.001314        0.001302        0.8837      %
691      0.001318        0.001302        1.1684      %
692      0.001317        0.001303        1.1207      %
693      0.001320        0.001303        1.2230      %
694      0.001318        0.001305        1.0258      %
695      0.001321        0.001306        1.1091      %
696      0.001321        0.001309        0.9435      %
697      0.001324        0.001310        1.0060      %
698      0.001329        0.004643        249.2617    %
699      0.009724        0.009904        1.8487      %
700      0.010215        0.010547        3.2495      %
701      0.010478        0.010625        1.4024      %
702      0.010548        0.010680        1.2582      %
703      0.010634        0.010670        0.3370      %
704      0.010619        0.010663        0.4150      %
705      0.010658        0.010574        0.7879      %
706      0.010572        0.010518        0.5134      %
707      0.010413        0.010436        0.2168      %
708      0.010311        0.010398        0.8389      %
709      0.010151        0.010318        1.6489      %
710      0.010127        0.010376        2.4626      %
711      0.010334        0.010450        1.1249      %
712      0.010470        0.010581        1.0660      %
713      0.010511        0.010534        0.2180      %
714      0.010420        0.010473        0.5064      %
715      0.010363        0.010380        0.1682      %
716      0.010343        0.010397        0.5159      %
717      0.010282        0.010383        0.9852      %
718      0.010247        0.010291        0.4280      %
719      0.009184        0.009305        1.3119      %
720      0.001294        0.001273        1.6216      %
721      0.001290        0.001311        1.6207      %

第 19 次预测 (起始索引 18) | 窗口 MAPE: 6.3242%
------------------------------------------------------------
点位索引     真实值             预测值             单点 MAPE     
------------------------------------------------------------
676      0.001295        0.001294        0.1253      %
677      0.001289        0.001286        0.2405      %
678      0.001307        0.001280        2.0891      %
679      0.001302        0.001284        1.3893      %
680      0.001302        0.001286        1.1776      %
681      0.001308        0.001286        1.6495      %
682      0.001307        0.001294        0.9610      %
683      0.001303        0.001290        1.0053      %
684      0.001306        0.001293        1.0000      %
685      0.001305        0.001296        0.6829      %
686      0.001306        0.001296        0.8196      %
687      0.001308        0.001297        0.8541      %
688      0.001311        0.001299        0.9732      %
689      0.001312        0.001300        0.8983      %
690      0.001314        0.001302        0.8845      %
691      0.001318        0.001302        1.1688      %
692      0.001317        0.001303        1.1209      %
693      0.001320        0.001303        1.2231      %
694      0.001318        0.001305        1.0258      %
695      0.001321        0.001306        1.1091      %
696      0.001321        0.001309        0.9435      %
697      0.001324        0.001310        1.0060      %
698      0.001329        0.004643        249.2617    %
699      0.009724        0.009904        1.8487      %
700      0.010215        0.010547        3.2495      %
701      0.010478        0.010625        1.4024      %
702      0.010548        0.010680        1.2582      %
703      0.010634        0.010670        0.3370      %
704      0.010619        0.010663        0.4150      %
705      0.010658        0.010574        0.7879      %
706      0.010572        0.010518        0.5134      %
707      0.010413        0.010436        0.2168      %
708      0.010311        0.010398        0.8389      %
709      0.010151        0.010318        1.6489      %
710      0.010127        0.010376        2.4626      %
711      0.010334        0.010450        1.1249      %
712      0.010470        0.010581        1.0660      %
713      0.010511        0.010534        0.2180      %
714      0.010420        0.010473        0.5064      %
715      0.010363        0.010380        0.1682      %
716      0.010343        0.010397        0.5159      %
717      0.010282        0.010383        0.9852      %
718      0.010247        0.010291        0.4280      %
719      0.009184        0.009305        1.3119      %
720      0.001294        0.001273        1.6216      %
721      0.001290        0.001311        1.6207      %
722      0.001288        0.001274        1.0819      %

第 20 次预测 (起始索引 19) | 窗口 MAPE: 6.3408%
------------------------------------------------------------
点位索引     真实值             预测值             单点 MAPE     
------------------------------------------------------------
677      0.001289        0.001294        0.4000      %
678      0.001307        0.001283        1.8930      %
679      0.001302        0.001285        1.3070      %
680      0.001302        0.001287        1.1304      %
681      0.001308        0.001287        1.6204      %
682      0.001307        0.001294        0.9448      %
683      0.001303        0.001290        0.9983      %
684      0.001306        0.001293        0.9989      %
685      0.001305        0.001296        0.6848      %
686      0.001306        0.001296        0.8226      %
687      0.001308        0.001297        0.8571      %
688      0.001311        0.001299        0.9757      %
689      0.001312        0.001300        0.9002      %
690      0.001314        0.001302        0.8858      %
691      0.001318        0.001302        1.1697      %
692      0.001317        0.001303        1.1214      %
693      0.001320        0.001303        1.2234      %
694      0.001318        0.001305        1.0259      %
695      0.001321        0.001306        1.1091      %
696      0.001321        0.001309        0.9435      %
697      0.001324        0.001310        1.0059      %
698      0.001329        0.004643        249.2617    %
699      0.009724        0.009904        1.8487      %
700      0.010215        0.010547        3.2495      %
701      0.010478        0.010625        1.4024      %
702      0.010548        0.010680        1.2582      %
703      0.010634        0.010670        0.3370      %
704      0.010619        0.010663        0.4150      %
705      0.010658        0.010574        0.7879      %
706      0.010572        0.010518        0.5134      %
707      0.010413        0.010436        0.2168      %
708      0.010311        0.010398        0.8389      %
709      0.010151        0.010318        1.6489      %
710      0.010127        0.010376        2.4626      %
711      0.010334        0.010450        1.1249      %
712      0.010470        0.010581        1.0660      %
713      0.010511        0.010534        0.2180      %
714      0.010420        0.010473        0.5064      %
715      0.010363        0.010380        0.1682      %
716      0.010343        0.010397        0.5159      %
717      0.010282        0.010383        0.9852      %
718      0.010247        0.010291        0.4280      %
719      0.009184        0.009305        1.3119      %
720      0.001294        0.001273        1.6216      %
721      0.001290        0.001311        1.6207      %
722      0.001288        0.001274        1.0819      %
723      0.001296        0.001282        1.1093      %

第 21 次预测 (起始索引 20) | 窗口 MAPE: 6.3476%
------------------------------------------------------------
点位索引     真实值             预测值             单点 MAPE     
------------------------------------------------------------
678      0.001307        0.001290        1.3486      %
679      0.001302        0.001288        1.1325      %
680      0.001302        0.001288        1.0489      %
681      0.001308        0.001287        1.5686      %
682      0.001307        0.001295        0.9106      %
683      0.001303        0.001291        0.9782      %
684      0.001306        0.001293        0.9894      %
685      0.001305        0.001296        0.6819      %
686      0.001306        0.001296        0.8234      %
687      0.001308        0.001297        0.8594      %
688      0.001311        0.001299        0.9783      %
689      0.001312        0.001300        0.9025      %
690      0.001314        0.001302        0.8875      %
691      0.001318        0.001302        1.1709      %
692      0.001317        0.001303        1.1222      %
693      0.001320        0.001303        1.2238      %
694      0.001318        0.001305        1.0262      %
695      0.001321        0.001306        1.1092      %
696      0.001321        0.001309        0.9435      %
697      0.001324        0.001310        1.0059      %
698      0.001329        0.004643        249.2618    %
699      0.009724        0.009904        1.8487      %
700      0.010215        0.010547        3.2495      %
701      0.010478        0.010625        1.4024      %
702      0.010548        0.010680        1.2582      %
703      0.010634        0.010670        0.3370      %
704      0.010619        0.010663        0.4150      %
705      0.010658        0.010574        0.7879      %
706      0.010572        0.010518        0.5134      %
707      0.010413        0.010436        0.2168      %
708      0.010311        0.010398        0.8389      %
709      0.010151        0.010318        1.6489      %
710      0.010127        0.010376        2.4626      %
711      0.010334        0.010450        1.1249      %
712      0.010470        0.010581        1.0660      %
713      0.010511        0.010534        0.2180      %
714      0.010420        0.010473        0.5064      %
715      0.010363        0.010380        0.1682      %
716      0.010343        0.010397        0.5159      %
717      0.010282        0.010383        0.9852      %
718      0.010247        0.010291        0.4280      %
719      0.009184        0.009305        1.3119      %
720      0.001294        0.001273        1.6216      %
721      0.001290        0.001311        1.6207      %
722      0.001288        0.001274        1.0819      %
723      0.001296        0.001282        1.1093      %
724      0.001296        0.001275        1.6253      %

第 22 次预测 (起始索引 21) | 窗口 MAPE: 6.3112%
------------------------------------------------------------
点位索引     真实值             预测值             单点 MAPE     
------------------------------------------------------------
679      0.001302        0.001294        0.6643      %
680      0.001302        0.001290        0.8924      %
681      0.001308        0.001289        1.4861      %
682      0.001307        0.001295        0.8530      %
683      0.001303        0.001291        0.9384      %
684      0.001306        0.001294        0.9652      %
685      0.001305        0.001296        0.6696      %
686      0.001306        0.001296        0.8189      %
687      0.001308        0.001297        0.8592      %
688      0.001311        0.001299        0.9800      %
689      0.001312        0.001300        0.9047      %
690      0.001314        0.001302        0.8896      %
691      0.001318        0.001302        1.1725      %
692      0.001317        0.001303        1.1233      %
693      0.001320        0.001303        1.2246      %
694      0.001318        0.001305        1.0266      %
695      0.001321        0.001306        1.1095      %
696      0.001321        0.001309        0.9436      %
697      0.001324        0.001310        1.0059      %
698      0.001329        0.004643        249.2618    %
699      0.009724        0.009904        1.8487      %
700      0.010215        0.010547        3.2495      %
701      0.010478        0.010625        1.4024      %
702      0.010548        0.010680        1.2582      %
703      0.010634        0.010670        0.3370      %
704      0.010619        0.010663        0.4150      %
705      0.010658        0.010574        0.7879      %
706      0.010572        0.010518        0.5134      %
707      0.010413        0.010436        0.2168      %
708      0.010311        0.010398        0.8389      %
709      0.010151        0.010318        1.6489      %
710      0.010127        0.010376        2.4626      %
711      0.010334        0.010450        1.1249      %
712      0.010470        0.010581        1.0660      %
713      0.010511        0.010534        0.2180      %
714      0.010420        0.010473        0.5064      %
715      0.010363        0.010380        0.1682      %
716      0.010343        0.010397        0.5159      %
717      0.010282        0.010383        0.9852      %
718      0.010247        0.010291        0.4280      %
719      0.009184        0.009305        1.3119      %
720      0.001294        0.001273        1.6216      %
721      0.001290        0.001311        1.6207      %
722      0.001288        0.001274        1.0819      %
723      0.001296        0.001282        1.1093      %
724      0.001296        0.001275        1.6253      %
725      0.001300        0.001294        0.4729      %

第 23 次预测 (起始索引 22) | 窗口 MAPE: 6.3029%
------------------------------------------------------------
点位索引     真实值             预测值             单点 MAPE     
------------------------------------------------------------
680      0.001302        0.001295        0.4950      %
681      0.001308        0.001290        1.3456      %
682      0.001307        0.001297        0.7678      %
683      0.001303        0.001292        0.8739      %
684      0.001306        0.001294        0.9193      %
685      0.001305        0.001297        0.6407      %
686      0.001306        0.001296        0.8033      %
687      0.001308        0.001297        0.8526      %
688      0.001311        0.001299        0.9784      %
689      0.001312        0.001300        0.9055      %
690      0.001314        0.001302        0.8913      %
691      0.001318        0.001302        1.1742      %
692      0.001317        0.001303        1.1247      %
693      0.001320        0.001303        1.2256      %
694      0.001318        0.001305        1.0273      %
695      0.001321        0.001306        1.1099      %
696      0.001321        0.001309        0.9438      %
697      0.001324        0.001310        1.0060      %
698      0.001329        0.004643        249.2617    %
699      0.009724        0.009904        1.8487      %
700      0.010215        0.010547        3.2495      %
701      0.010478        0.010625        1.4024      %
702      0.010548        0.010680        1.2582      %
703      0.010634        0.010670        0.3370      %
704      0.010619        0.010663        0.4150      %
705      0.010658        0.010574        0.7879      %
706      0.010572        0.010518        0.5134      %
707      0.010413        0.010436        0.2168      %
708      0.010311        0.010398        0.8389      %
709      0.010151        0.010318        1.6489      %
710      0.010127        0.010376        2.4626      %
711      0.010334        0.010450        1.1249      %
712      0.010470        0.010581        1.0660      %
713      0.010511        0.010534        0.2180      %
714      0.010420        0.010473        0.5064      %
715      0.010363        0.010380        0.1682      %
716      0.010343        0.010397        0.5159      %
717      0.010282        0.010383        0.9852      %
718      0.010247        0.010291        0.4280      %
719      0.009184        0.009305        1.3119      %
720      0.001294        0.001273        1.6216      %
721      0.001290        0.001311        1.6207      %
722      0.001288        0.001274        1.0819      %
723      0.001296        0.001282        1.1093      %
724      0.001296        0.001275        1.6253      %
725      0.001300        0.001294        0.4729      %
726      0.001304        0.001290        1.0520      %

第 24 次预测 (起始索引 23) | 窗口 MAPE: 6.3061%
------------------------------------------------------------
点位索引     真实值             预测值             单点 MAPE     
------------------------------------------------------------
681      0.001308        0.001295        1.0140      %
682      0.001307        0.001298        0.6395      %
683      0.001303        0.001293        0.7847      %
684      0.001306        0.001295        0.8478      %
685      0.001305        0.001297        0.5883      %
686      0.001306        0.001296        0.7696      %
687      0.001308        0.001297        0.8337      %
688      0.001311        0.001299        0.9696      %
689      0.001312        0.001300        0.9025      %
690      0.001314        0.001302        0.8912      %
691      0.001318        0.001302        1.1753      %
692      0.001317        0.001303        1.1261      %
693      0.001320        0.001303        1.2268      %
694      0.001318        0.001305        1.0282      %
695      0.001321        0.001306        1.1104      %
696      0.001321        0.001309        0.9441      %
697      0.001324        0.001310        1.0062      %
698      0.001329        0.004643        249.2617    %
699      0.009724        0.009904        1.8487      %
700      0.010215        0.010547        3.2495      %
701      0.010478        0.010625        1.4024      %
702      0.010548        0.010680        1.2582      %
703      0.010634        0.010670        0.3370      %
704      0.010619        0.010663        0.4150      %
705      0.010658        0.010574        0.7879      %
706      0.010572        0.010518        0.5134      %
707      0.010413        0.010436        0.2168      %
708      0.010311        0.010398        0.8389      %
709      0.010151        0.010318        1.6489      %
710      0.010127        0.010376        2.4626      %
711      0.010334        0.010450        1.1249      %
712      0.010470        0.010581        1.0660      %
713      0.010511        0.010534        0.2180      %
714      0.010420        0.010473        0.5064      %
715      0.010363        0.010380        0.1683      %
716      0.010343        0.010397        0.5159      %
717      0.010282        0.010383        0.9852      %
718      0.010247        0.010291        0.4280      %
719      0.009184        0.009305        1.3119      %
720      0.001294        0.001273        1.6216      %
721      0.001290        0.001311        1.6208      %
722      0.001288        0.001274        1.0819      %
723      0.001296        0.001282        1.1093      %
724      0.001296        0.001275        1.6253      %
725      0.001300        0.001294        0.4729      %
726      0.001304        0.001290        1.0520      %
727      0.001308        0.001290        1.3813      %

第 25 次预测 (起始索引 24) | 窗口 MAPE: 6.2883%
------------------------------------------------------------
点位索引     真实值             预测值             单点 MAPE     
------------------------------------------------------------
682      0.001307        0.001302        0.3655      %
683      0.001303        0.001295        0.6662      %
684      0.001306        0.001296        0.7538      %
685      0.001305        0.001298        0.5089      %
686      0.001306        0.001297        0.7104      %
687      0.001308        0.001298        0.7950      %
688      0.001311        0.001299        0.9473      %
689      0.001312        0.001300        0.8915      %
690      0.001314        0.001302        0.8868      %
691      0.001318        0.001302        1.1743      %
692      0.001317        0.001303        1.1266      %
693      0.001320        0.001303        1.2278      %
694      0.001318        0.001305        1.0291      %
695      0.001321        0.001306        1.1111      %
696      0.001321        0.001309        0.9446      %
697      0.001324        0.001310        1.0065      %
698      0.001329        0.004643        249.2615    %
699      0.009724        0.009904        1.8487      %
700      0.010215        0.010547        3.2495      %
701      0.010478        0.010625        1.4024      %
702      0.010548        0.010680        1.2582      %
703      0.010634        0.010670        0.3370      %
704      0.010619        0.010663        0.4150      %
705      0.010658        0.010574        0.7879      %
706      0.010572        0.010518        0.5134      %
707      0.010413        0.010436        0.2168      %
708      0.010311        0.010398        0.8389      %
709      0.010151        0.010318        1.6489      %
710      0.010127        0.010376        2.4626      %
711      0.010334        0.010450        1.1249      %
712      0.010470        0.010581        1.0660      %
713      0.010511        0.010534        0.2180      %
714      0.010420        0.010473        0.5064      %
715      0.010363        0.010380        0.1683      %
716      0.010343        0.010397        0.5159      %
717      0.010282        0.010383        0.9852      %
718      0.010247        0.010291        0.4280      %
719      0.009184        0.009305        1.3119      %
720      0.001294        0.001273        1.6216      %
721      0.001290        0.001311        1.6208      %
722      0.001288        0.001274        1.0819      %
723      0.001296        0.001282        1.1093      %
724      0.001296        0.001275        1.6253      %
725      0.001300        0.001294        0.4729      %
726      0.001304        0.001290        1.0520      %
727      0.001308        0.001290        1.3813      %
728      0.001308        0.001297        0.8725      %

第 26 次预测 (起始索引 25) | 窗口 MAPE: 6.2884%
------------------------------------------------------------
点位索引     真实值             预测值             单点 MAPE     
------------------------------------------------------------
683      0.001303        0.001298        0.4446      %
684      0.001306        0.001298        0.6436      %
685      0.001305        0.001300        0.4090      %
686      0.001306        0.001298        0.6227      %
687      0.001308        0.001299        0.7286      %
688      0.001311        0.001300        0.9033      %
689      0.001312        0.001300        0.8654      %
690      0.001314        0.001302        0.8732      %
691      0.001318        0.001302        1.1683      %
692      0.001317        0.001303        1.1246      %
693      0.001320        0.001303        1.2276      %
694      0.001318        0.001305        1.0296      %
695      0.001321        0.001306        1.1118      %
696      0.001321        0.001309        0.9452      %
697      0.001324        0.001310        1.0069      %
698      0.001329        0.004643        249.2613    %
699      0.009724        0.009904        1.8487      %
700      0.010215        0.010547        3.2495      %
701      0.010478        0.010625        1.4024      %
702      0.010548        0.010680        1.2582      %
703      0.010634        0.010670        0.3370      %
704      0.010619        0.010663        0.4150      %
705      0.010658        0.010574        0.7878      %
706      0.010572        0.010518        0.5133      %
707      0.010413        0.010436        0.2168      %
708      0.010311        0.010398        0.8389      %
709      0.010151        0.010318        1.6489      %
710      0.010127        0.010376        2.4626      %
711      0.010334        0.010450        1.1249      %
712      0.010470        0.010581        1.0660      %
713      0.010511        0.010534        0.2180      %
714      0.010420        0.010473        0.5064      %
715      0.010363        0.010380        0.1683      %
716      0.010343        0.010397        0.5159      %
717      0.010282        0.010383        0.9852      %
718      0.010247        0.010291        0.4280      %
719      0.009184        0.009305        1.3119      %
720      0.001294        0.001273        1.6216      %
721      0.001290        0.001311        1.6208      %
722      0.001288        0.001274        1.0819      %
723      0.001296        0.001282        1.1093      %
724      0.001296        0.001275        1.6253      %
725      0.001300        0.001294        0.4729      %
726      0.001304        0.001290        1.0520      %
727      0.001308        0.001290        1.3813      %
728      0.001308        0.001297        0.8725      %
729      0.001310        0.001296        1.0469      %

第 27 次预测 (起始索引 26) | 窗口 MAPE: 6.2953%
------------------------------------------------------------
点位索引     真实值             预测值             单点 MAPE     
------------------------------------------------------------
684      0.001306        0.001300        0.4709      %
685      0.001305        0.001301        0.3048      %
686      0.001306        0.001300        0.5162      %
687      0.001308        0.001300        0.6323      %
688      0.001311        0.001301        0.8295      %
689      0.001312        0.001301        0.8158      %
690      0.001314        0.001303        0.8434      %
691      0.001318        0.001303        1.1522      %
692      0.001317        0.001303        1.1169      %
693      0.001320        0.001303        1.2245      %
694      0.001318        0.001305        1.0288      %
695      0.001321        0.001306        1.1119      %
696      0.001321        0.001309        0.9456      %
697      0.001324        0.001310        1.0072      %
698      0.001329        0.004643        249.2611    %
699      0.009724        0.009904        1.8487      %
700      0.010215        0.010547        3.2495      %
701      0.010478        0.010625        1.4024      %
702      0.010548        0.010680        1.2582      %
703      0.010634        0.010670        0.3370      %
704      0.010619        0.010663        0.4150      %
705      0.010658        0.010574        0.7878      %
706      0.010572        0.010518        0.5133      %
707      0.010413        0.010436        0.2168      %
708      0.010311        0.010398        0.8389      %
709      0.010151        0.010318        1.6489      %
710      0.010127        0.010376        2.4626      %
711      0.010334        0.010450        1.1249      %
712      0.010470        0.010581        1.0660      %
713      0.010511        0.010534        0.2180      %
714      0.010420        0.010473        0.5064      %
715      0.010363        0.010380        0.1683      %
716      0.010343        0.010397        0.5159      %
717      0.010282        0.010383        0.9852      %
718      0.010247        0.010291        0.4280      %
719      0.009184        0.009305        1.3119      %
720      0.001294        0.001273        1.6216      %
721      0.001290        0.001311        1.6208      %
722      0.001288        0.001274        1.0819      %
723      0.001296        0.001282        1.1093      %
724      0.001296        0.001275        1.6253      %
725      0.001300        0.001294        0.4729      %
726      0.001304        0.001290        1.0520      %
727      0.001308        0.001290        1.3813      %
728      0.001308        0.001297        0.8725      %
729      0.001310        0.001296        1.0469      %
730      0.001312        0.001293        1.4313      %

第 28 次预测 (起始索引 27) | 窗口 MAPE: 6.3019%
------------------------------------------------------------
点位索引     真实值             预测值             单点 MAPE     
------------------------------------------------------------
685      0.001305        0.001303        0.1765      %
686      0.001306        0.001301        0.4167      %
687      0.001308        0.001302        0.5187      %
688      0.001311        0.001302        0.7244      %
689      0.001312        0.001302        0.7345      %
690      0.001314        0.001304        0.7883      %
691      0.001318        0.001303        1.1186      %
692      0.001317        0.001303        1.0982      %
693      0.001320        0.001304        1.2151      %
694      0.001318        0.001305        1.0247      %
695      0.001321        0.001306        1.1104      %
696      0.001321        0.001309        0.9453      %
697      0.001324        0.001310        1.0074      %
698      0.001329        0.004643        249.2608    %
699      0.009724        0.009904        1.8487      %
700      0.010215        0.010547        3.2495      %
701      0.010478        0.010625        1.4024      %
702      0.010548        0.010680        1.2582      %
703      0.010634        0.010670        0.3370      %
704      0.010619        0.010663        0.4150      %
705      0.010658        0.010574        0.7878      %
706      0.010572        0.010518        0.5133      %
707      0.010413        0.010436        0.2168      %
708      0.010311        0.010398        0.8389      %
709      0.010151        0.010318        1.6489      %
710      0.010127        0.010376        2.4626      %
711      0.010334        0.010450        1.1249      %
712      0.010470        0.010581        1.0660      %
713      0.010511        0.010534        0.2180      %
714      0.010420        0.010473        0.5064      %
715      0.010363        0.010380        0.1683      %
716      0.010343        0.010397        0.5159      %
717      0.010282        0.010383        0.9852      %
718      0.010247        0.010291        0.4280      %
719      0.009184        0.009305        1.3119      %
720      0.001294        0.001273        1.6216      %
721      0.001290        0.001311        1.6208      %
722      0.001288        0.001274        1.0819      %
723      0.001296        0.001282        1.1093      %
724      0.001296        0.001275        1.6253      %
725      0.001300        0.001294        0.4729      %
726      0.001304        0.001290        1.0520      %
727      0.001308        0.001290        1.3813      %
728      0.001308        0.001297        0.8725      %
729      0.001310        0.001296        1.0469      %
730      0.001312        0.001293        1.4313      %
731      0.001315        0.001296        1.4313      %

第 29 次预测 (起始索引 28) | 窗口 MAPE: 6.3218%
------------------------------------------------------------
点位索引     真实值             预测值             单点 MAPE     
------------------------------------------------------------
686      0.001306        0.001302        0.3296      %
687      0.001308        0.001303        0.4227      %
688      0.001311        0.001303        0.6034      %
689      0.001312        0.001304        0.6201      %
690      0.001314        0.001305        0.6993      %
691      0.001318        0.001304        1.0579      %
692      0.001317        0.001303        1.0606      %
693      0.001320        0.001304        1.1938      %
694      0.001318        0.001305        1.0135      %
695      0.001321        0.001306        1.1051      %
696      0.001321        0.001309        0.9430      %
697      0.001324        0.001310        1.0066      %
698      0.001329        0.004643        249.2610    %
699      0.009724        0.009904        1.8487      %
700      0.010215        0.010547        3.2495      %
701      0.010478        0.010625        1.4024      %
702      0.010548        0.010680        1.2582      %
703      0.010634        0.010670        0.3370      %
704      0.010619        0.010663        0.4150      %
705      0.010658        0.010574        0.7878      %
706      0.010572        0.010518        0.5133      %
707      0.010413        0.010436        0.2168      %
708      0.010311        0.010398        0.8389      %
709      0.010151        0.010318        1.6489      %
710      0.010127        0.010376        2.4626      %
711      0.010334        0.010450        1.1249      %
712      0.010470        0.010581        1.0660      %
713      0.010511        0.010534        0.2180      %
714      0.010420        0.010473        0.5064      %
715      0.010363        0.010380        0.1683      %
716      0.010343        0.010397        0.5159      %
717      0.010282        0.010383        0.9852      %
718      0.010247        0.010291        0.4280      %
719      0.009184        0.009305        1.3119      %
720      0.001294        0.001273        1.6216      %
721      0.001290        0.001311        1.6208      %
722      0.001288        0.001274        1.0819      %
723      0.001296        0.001282        1.1093      %
724      0.001296        0.001275        1.6253      %
725      0.001300        0.001294        0.4729      %
726      0.001304        0.001290        1.0520      %
727      0.001308        0.001290        1.3813      %
728      0.001308        0.001297        0.8725      %
729      0.001310        0.001296        1.0469      %
730      0.001312        0.001293        1.4313      %
731      0.001315        0.001296        1.4313      %
732      0.001319        0.001295        1.7572      %

第 30 次预测 (起始索引 29) | 窗口 MAPE: 6.3364%
------------------------------------------------------------
点位索引     真实值             预测值             单点 MAPE     
------------------------------------------------------------
687      0.001308        0.001303        0.3731      %
688      0.001311        0.001305        0.5096      %
689      0.001312        0.001305        0.4910      %
690      0.001314        0.001306        0.5759      %
691      0.001318        0.001305        0.9615      %
692      0.001317        0.001304        0.9943      %
693      0.001320        0.001304        1.1524      %
694      0.001318        0.001305        0.9895      %
695      0.001321        0.001307        1.0923      %
696      0.001321        0.001309        0.9366      %
697      0.001324        0.001310        1.0036      %
698      0.001329        0.004643        249.2623    %
699      0.009724        0.009904        1.8487      %
700      0.010215        0.010547        3.2496      %
701      0.010478        0.010625        1.4024      %
702      0.010548        0.010680        1.2582      %
703      0.010634        0.010670        0.3370      %
704      0.010619        0.010663        0.4150      %
705      0.010658        0.010574        0.7878      %
706      0.010572        0.010518        0.5133      %
707      0.010413        0.010436        0.2168      %
708      0.010311        0.010398        0.8389      %
709      0.010151        0.010318        1.6489      %
710      0.010127        0.010376        2.4626      %
711      0.010334        0.010450        1.1249      %
712      0.010470        0.010581        1.0660      %
713      0.010511        0.010534        0.2180      %
714      0.010420        0.010473        0.5064      %
715      0.010363        0.010380        0.1683      %
716      0.010343        0.010397        0.5159      %
717      0.010282        0.010383        0.9852      %
718      0.010247        0.010291        0.4280      %
719      0.009184        0.009305        1.3119      %
720      0.001294        0.001273        1.6216      %
721      0.001290        0.001311        1.6208      %
722      0.001288        0.001274        1.0819      %
723      0.001296        0.001282        1.1093      %
724      0.001296        0.001275        1.6253      %
725      0.001300        0.001294        0.4729      %
726      0.001304        0.001290        1.0520      %
727      0.001308        0.001290        1.3813      %
728      0.001308        0.001297        0.8725      %
729      0.001310        0.001296        1.0469      %
730      0.001312        0.001293        1.4313      %
731      0.001315        0.001296        1.4313      %
732      0.001319        0.001295        1.7572      %
733      0.001319        0.001297        1.6621      %

第 31 次预测 (起始索引 30) | 窗口 MAPE: 6.3486%
------------------------------------------------------------
点位索引     真实值             预测值             单点 MAPE     
------------------------------------------------------------
688      0.001311        0.001305        0.4941      %
689      0.001312        0.001307        0.3985      %
690      0.001314        0.001308        0.4388      %
691      0.001318        0.001307        0.8294      %
692      0.001317        0.001306        0.8904      %
693      0.001320        0.001305        1.0806      %
694      0.001318        0.001306        0.9442      %
695      0.001321        0.001307        1.0658      %
696      0.001321        0.001309        0.9220      %
697      0.001324        0.001310        0.9961      %
698      0.001329        0.004643        249.2659    %
699      0.009724        0.009904        1.8490      %
700      0.010215        0.010547        3.2497      %
701      0.010478        0.010625        1.4025      %
702      0.010548        0.010680        1.2583      %
703      0.010634        0.010670        0.3371      %
704      0.010619        0.010663        0.4150      %
705      0.010658        0.010574        0.7878      %
706      0.010572        0.010518        0.5133      %
707      0.010413        0.010436        0.2169      %
708      0.010311        0.010398        0.8389      %
709      0.010151        0.010318        1.6489      %
710      0.010127        0.010376        2.4626      %
711      0.010334        0.010450        1.1249      %
712      0.010470        0.010581        1.0660      %
713      0.010511        0.010534        0.2180      %
714      0.010420        0.010473        0.5064      %
715      0.010363        0.010380        0.1683      %
716      0.010343        0.010397        0.5159      %
717      0.010282        0.010383        0.9852      %
718      0.010247        0.010291        0.4280      %
719      0.009184        0.009305        1.3120      %
720      0.001294        0.001273        1.6216      %
721      0.001290        0.001311        1.6208      %
722      0.001288        0.001274        1.0819      %
723      0.001296        0.001282        1.1093      %
724      0.001296        0.001275        1.6253      %
725      0.001300        0.001294        0.4729      %
726      0.001304        0.001290        1.0520      %
727      0.001308        0.001290        1.3813      %
728      0.001308        0.001297        0.8725      %
729      0.001310        0.001296        1.0469      %
730      0.001312        0.001293        1.4313      %
731      0.001315        0.001296        1.4313      %
732      0.001319        0.001295        1.7572      %
733      0.001319        0.001297        1.6621      %
734      0.001320        0.001299        1.5885      %

第 32 次预测 (起始索引 31) | 窗口 MAPE: 6.3458%
------------------------------------------------------------
点位索引     真实值             预测值             单点 MAPE     
------------------------------------------------------------
689      0.001312        0.001306        0.4134      %
690      0.001314        0.001309        0.3468      %
691      0.001318        0.001309        0.6846      %
692      0.001317        0.001308        0.7494      %
693      0.001320        0.001307        0.9697      %
694      0.001318        0.001307        0.8672      %
695      0.001321        0.001308        1.0169      %
696      0.001321        0.001309        0.8931      %
697      0.001324        0.001311        0.9800      %
698      0.001329        0.004643        249.2745    %
699      0.009724        0.009904        1.8496      %
700      0.010215        0.010547        3.2499      %
701      0.010478        0.010625        1.4026      %
702      0.010548        0.010680        1.2583      %
703      0.010634        0.010670        0.3371      %
704      0.010619        0.010663        0.4151      %
705      0.010658        0.010574        0.7878      %
706      0.010572        0.010518        0.5133      %
707      0.010413        0.010436        0.2169      %
708      0.010311        0.010398        0.8390      %
709      0.010151        0.010318        1.6489      %
710      0.010127        0.010376        2.4626      %
711      0.010334        0.010450        1.1249      %
712      0.010470        0.010581        1.0660      %
713      0.010511        0.010534        0.2180      %
714      0.010420        0.010473        0.5064      %
715      0.010363        0.010380        0.1683      %
716      0.010343        0.010397        0.5160      %
717      0.010282        0.010383        0.9852      %
718      0.010247        0.010291        0.4280      %
719      0.009184        0.009305        1.3120      %
720      0.001294        0.001273        1.6216      %
721      0.001290        0.001311        1.6208      %
722      0.001288        0.001274        1.0819      %
723      0.001296        0.001282        1.1093      %
724      0.001296        0.001275        1.6253      %
725      0.001300        0.001294        0.4729      %
726      0.001304        0.001290        1.0520      %
727      0.001308        0.001290        1.3813      %
728      0.001308        0.001297        0.8725      %
729      0.001310        0.001296        1.0469      %
730      0.001312        0.001293        1.4313      %
731      0.001315        0.001296        1.4313      %
732      0.001319        0.001295        1.7572      %
733      0.001319        0.001297        1.6621      %
734      0.001320        0.001299        1.5885      %
735      0.001315        0.001302        0.9957      %

第 33 次预测 (起始索引 32) | 窗口 MAPE: 6.3556%
------------------------------------------------------------
点位索引     真实值             预测值             单点 MAPE     
------------------------------------------------------------
690      0.001314        0.001309        0.3884      %
691      0.001318        0.001310        0.5925      %
692      0.001317        0.001310        0.5968      %
693      0.001320        0.001309        0.8206      %
694      0.001318        0.001309        0.7494      %
695      0.001321        0.001309        0.9350      %
696      0.001321        0.001310        0.8408      %
697      0.001324        0.001311        0.9488      %
698      0.001329        0.004643        249.2921    %
699      0.009724        0.009904        1.8509      %
700      0.010215        0.010547        3.2506      %
701      0.010478        0.010625        1.4029      %
702      0.010548        0.010680        1.2585      %
703      0.010634        0.010670        0.3372      %
704      0.010619        0.010663        0.4151      %
705      0.010658        0.010574        0.7877      %
706      0.010572        0.010518        0.5133      %
707      0.010413        0.010436        0.2169      %
708      0.010311        0.010398        0.8390      %
709      0.010151        0.010318        1.6489      %
710      0.010127        0.010376        2.4626      %
711      0.010334        0.010450        1.1249      %
712      0.010470        0.010581        1.0660      %
713      0.010511        0.010534        0.2180      %
714      0.010420        0.010473        0.5064      %
715      0.010363        0.010380        0.1683      %
716      0.010343        0.010397        0.5160      %
717      0.010282        0.010383        0.9852      %
718      0.010247        0.010291        0.4280      %
719      0.009184        0.009305        1.3120      %
720      0.001294        0.001273        1.6216      %
721      0.001290        0.001311        1.6208      %
722      0.001288        0.001274        1.0819      %
723      0.001296        0.001282        1.1093      %
724      0.001296        0.001275        1.6253      %
725      0.001300        0.001294        0.4729      %
726      0.001304        0.001290        1.0520      %
727      0.001308        0.001290        1.3813      %
728      0.001308        0.001297        0.8725      %
729      0.001310        0.001296        1.0469      %
730      0.001312        0.001293        1.4313      %
731      0.001315        0.001296        1.4313      %
732      0.001319        0.001295        1.7572      %
733      0.001319        0.001297        1.6621      %
734      0.001320        0.001299        1.5885      %
735      0.001315        0.001302        0.9957      %
736      0.001322        0.001303        1.4917      %

第 34 次预测 (起始索引 33) | 窗口 MAPE: 6.3603%
------------------------------------------------------------
点位索引     真实值             预测值             单点 MAPE     
------------------------------------------------------------
691      0.001318        0.001309        0.6568      %
692      0.001317        0.001311        0.5037      %
693      0.001320        0.001311        0.6608      %
694      0.001318        0.001311        0.5924      %
695      0.001321        0.001310        0.8112      %
696      0.001321        0.001311        0.7544      %
697      0.001324        0.001312        0.8934      %
698      0.001329        0.004644        249.3253    %
699      0.009724        0.009904        1.8535      %
700      0.010215        0.010547        3.2520      %
701      0.010478        0.010625        1.4037      %
702      0.010548        0.010680        1.2589      %
703      0.010634        0.010670        0.3374      %
704      0.010619        0.010663        0.4152      %
705      0.010658        0.010574        0.7877      %
706      0.010572        0.010518        0.5132      %
707      0.010413        0.010436        0.2169      %
708      0.010311        0.010398        0.8390      %
709      0.010151        0.010318        1.6490      %
710      0.010127        0.010376        2.4627      %
711      0.010334        0.010450        1.1250      %
712      0.010470        0.010581        1.0660      %
713      0.010511        0.010534        0.2180      %
714      0.010420        0.010473        0.5065      %
715      0.010363        0.010380        0.1683      %
716      0.010343        0.010397        0.5160      %
717      0.010282        0.010383        0.9852      %
718      0.010247        0.010291        0.4280      %
719      0.009184        0.009305        1.3120      %
720      0.001294        0.001273        1.6216      %
721      0.001290        0.001311        1.6208      %
722      0.001288        0.001274        1.0818      %
723      0.001296        0.001282        1.1093      %
724      0.001296        0.001275        1.6253      %
725      0.001300        0.001294        0.4729      %
726      0.001304        0.001290        1.0520      %
727      0.001308        0.001290        1.3813      %
728      0.001308        0.001297        0.8725      %
729      0.001310        0.001296        1.0469      %
730      0.001312        0.001293        1.4313      %
731      0.001315        0.001296        1.4313      %
732      0.001319        0.001295        1.7572      %
733      0.001319        0.001297        1.6621      %
734      0.001320        0.001299        1.5885      %
735      0.001315        0.001302        0.9957      %
736      0.001322        0.001303        1.4917      %
737      0.001320        0.001305        1.1795      %

第 35 次预测 (起始索引 34) | 窗口 MAPE: 6.3574%
------------------------------------------------------------
点位索引     真实值             预测值             单点 MAPE     
------------------------------------------------------------
692      0.001317        0.001310        0.5866      %
693      0.001320        0.001312        0.5663      %
694      0.001318        0.001313        0.4256      %
695      0.001321        0.001312        0.6475      %
696      0.001321        0.001313        0.6250      %
697      0.001324        0.001313        0.8031      %
698      0.001329        0.004644        249.3832    %
699      0.009724        0.009905        1.8583      %
700      0.010215        0.010547        3.2546      %
701      0.010478        0.010625        1.4051      %
702      0.010548        0.010681        1.2597      %
703      0.010634        0.010670        0.3378      %
704      0.010619        0.010663        0.4155      %
705      0.010658        0.010574        0.7876      %
706      0.010572        0.010518        0.5131      %
707      0.010413        0.010436        0.2170      %
708      0.010311        0.010398        0.8390      %
709      0.010151        0.010318        1.6490      %
710      0.010127        0.010376        2.4627      %
711      0.010334        0.010450        1.1250      %
712      0.010470        0.010581        1.0660      %
713      0.010511        0.010534        0.2180      %
714      0.010420        0.010473        0.5065      %
715      0.010363        0.010380        0.1683      %
716      0.010343        0.010397        0.5160      %
717      0.010282        0.010383        0.9852      %
718      0.010247        0.010291        0.4280      %
719      0.009184        0.009305        1.3120      %
720      0.001294        0.001273        1.6216      %
721      0.001290        0.001311        1.6208      %
722      0.001288        0.001274        1.0818      %
723      0.001296        0.001282        1.1093      %
724      0.001296        0.001275        1.6253      %
725      0.001300        0.001294        0.4729      %
726      0.001304        0.001290        1.0520      %
727      0.001308        0.001290        1.3813      %
728      0.001308        0.001297        0.8725      %
729      0.001310        0.001296        1.0469      %
730      0.001312        0.001293        1.4313      %
731      0.001315        0.001296        1.4313      %
732      0.001319        0.001295        1.7572      %
733      0.001319        0.001297        1.6621      %
734      0.001320        0.001299        1.5885      %
735      0.001315        0.001302        0.9957      %
736      0.001322        0.001303        1.4917      %
737      0.001320        0.001305        1.1795      %
738      0.001322        0.001309        1.0170      %

第 36 次预测 (起始索引 35) | 窗口 MAPE: 6.3605%
------------------------------------------------------------
点位索引     真实值             预测值             单点 MAPE     
------------------------------------------------------------
693      0.001320        0.001311        0.6635      %
694      0.001318        0.001314        0.3291      %
695      0.001321        0.001315        0.4748      %
696      0.001321        0.001315        0.4552      %
697      0.001324        0.001315        0.6690      %
698      0.001329        0.004646        249.4767    %
699      0.009724        0.009906        1.8665      %
700      0.010215        0.010548        3.2594      %
701      0.010478        0.010625        1.4078      %
702      0.010548        0.010681        1.2612      %
703      0.010634        0.010670        0.3386      %
704      0.010619        0.010663        0.4159      %
705      0.010658        0.010574        0.7873      %
706      0.010572        0.010518        0.5130      %
707      0.010413        0.010436        0.2171      %
708      0.010311        0.010398        0.8391      %
709      0.010151        0.010318        1.6490      %
710      0.010127        0.010376        2.4627      %
711      0.010334        0.010450        1.1250      %
712      0.010470        0.010581        1.0660      %
713      0.010511        0.010534        0.2180      %
714      0.010420        0.010473        0.5065      %
715      0.010363        0.010380        0.1683      %
716      0.010343        0.010397        0.5160      %
717      0.010282        0.010383        0.9852      %
718      0.010247        0.010291        0.4280      %
719      0.009184        0.009305        1.3120      %
720      0.001294        0.001273        1.6216      %
721      0.001290        0.001311        1.6208      %
722      0.001288        0.001274        1.0818      %
723      0.001296        0.001282        1.1093      %
724      0.001296        0.001275        1.6253      %
725      0.001300        0.001294        0.4729      %
726      0.001304        0.001290        1.0520      %
727      0.001308        0.001290        1.3813      %
728      0.001308        0.001297        0.8725      %
729      0.001310        0.001296        1.0469      %
730      0.001312        0.001293        1.4313      %
731      0.001315        0.001296        1.4313      %
732      0.001319        0.001295        1.7572      %
733      0.001319        0.001297        1.6621      %
734      0.001320        0.001299        1.5885      %
735      0.001315        0.001302        0.9957      %
736      0.001322        0.001303        1.4917      %
737      0.001320        0.001305        1.1795      %
738      0.001322        0.001309        1.0170      %
739      0.001323        0.001308        1.0944      %

第 37 次预测 (起始索引 36) | 窗口 MAPE: 6.3632%
------------------------------------------------------------
点位索引     真实值             预测值             单点 MAPE     
------------------------------------------------------------
694      0.001318        0.001313        0.4364      %
695      0.001321        0.001316        0.3763      %
696      0.001321        0.001318        0.2773      %
697      0.001324        0.001317        0.4944      %
698      0.001329        0.004647        249.6141    %
699      0.009724        0.009907        1.8797      %
700      0.010215        0.010549        3.2675      %
701      0.010478        0.010626        1.4127      %
702      0.010548        0.010681        1.2640      %
703      0.010634        0.010670        0.3402      %
704      0.010619        0.010663        0.4168      %
705      0.010658        0.010574        0.7868      %
706      0.010572        0.010518        0.5127      %
707      0.010413        0.010436        0.2172      %
708      0.010311        0.010398        0.8392      %
709      0.010151        0.010318        1.6491      %
710      0.010127        0.010376        2.4627      %
711      0.010334        0.010450        1.1250      %
712      0.010470        0.010581        1.0661      %
713      0.010511        0.010534        0.2180      %
714      0.010420        0.010473        0.5065      %
715      0.010363        0.010380        0.1683      %
716      0.010343        0.010397        0.5160      %
717      0.010282        0.010383        0.9852      %
718      0.010247        0.010291        0.4280      %
719      0.009184        0.009305        1.3120      %
720      0.001294        0.001273        1.6215      %
721      0.001290        0.001311        1.6208      %
722      0.001288        0.001274        1.0818      %
723      0.001296        0.001282        1.1093      %
724      0.001296        0.001275        1.6253      %
725      0.001300        0.001294        0.4729      %
726      0.001304        0.001290        1.0520      %
727      0.001308        0.001290        1.3813      %
728      0.001308        0.001297        0.8725      %
729      0.001310        0.001296        1.0469      %
730      0.001312        0.001293        1.4313      %
731      0.001315        0.001296        1.4313      %
732      0.001319        0.001295        1.7572      %
733      0.001319        0.001297        1.6621      %
734      0.001320        0.001299        1.5885      %
735      0.001315        0.001302        0.9957      %
736      0.001322        0.001303        1.4917      %
737      0.001320        0.001305        1.1795      %
738      0.001322        0.001309        1.0170      %
739      0.001323        0.001308        1.0944      %
740      0.001323        0.001310        0.9660      %

第 38 次预测 (起始索引 37) | 窗口 MAPE: 6.3843%
------------------------------------------------------------
点位索引     真实值             预测值             单点 MAPE     
------------------------------------------------------------
695      0.001321        0.001314        0.4890      %
696      0.001321        0.001319        0.1763      %
697      0.001324        0.001319        0.3125      %
698      0.001329        0.004650        249.7920    %
699      0.009724        0.009909        1.8989      %
700      0.010215        0.010550        3.2803      %
701      0.010478        0.010627        1.4208      %
702      0.010548        0.010682        1.2689      %
703      0.010634        0.010670        0.3431      %
704      0.010619        0.010663        0.4184      %
705      0.010658        0.010574        0.7859      %
706      0.010572        0.010518        0.5122      %
707      0.010413        0.010436        0.2175      %
708      0.010311        0.010398        0.8394      %
709      0.010151        0.010318        1.6492      %
710      0.010127        0.010377        2.4628      %
711      0.010334        0.010450        1.1251      %
712      0.010470        0.010581        1.0661      %
713      0.010511        0.010534        0.2180      %
714      0.010420        0.010473        0.5065      %
715      0.010363        0.010380        0.1683      %
716      0.010343        0.010397        0.5160      %
717      0.010282        0.010383        0.9853      %
718      0.010247        0.010291        0.4280      %
719      0.009184        0.009305        1.3120      %
720      0.001294        0.001273        1.6215      %
721      0.001290        0.001311        1.6208      %
722      0.001288        0.001274        1.0818      %
723      0.001296        0.001282        1.1092      %
724      0.001296        0.001275        1.6253      %
725      0.001300        0.001294        0.4729      %
726      0.001304        0.001290        1.0520      %
727      0.001308        0.001290        1.3813      %
728      0.001308        0.001297        0.8725      %
729      0.001310        0.001296        1.0469      %
730      0.001312        0.001293        1.4313      %
731      0.001315        0.001296        1.4313      %
732      0.001319        0.001295        1.7572      %
733      0.001319        0.001297        1.6621      %
734      0.001320        0.001299        1.5885      %
735      0.001315        0.001302        0.9957      %
736      0.001322        0.001303        1.4917      %
737      0.001320        0.001305        1.1795      %
738      0.001322        0.001309        1.0170      %
739      0.001323        0.001308        1.0944      %
740      0.001323        0.001310        0.9660      %
741      0.001328        0.001309        1.3691      %

第 39 次预测 (起始索引 38) | 窗口 MAPE: 6.4011%
------------------------------------------------------------
点位索引     真实值             预测值             单点 MAPE     
------------------------------------------------------------
696      0.001321        0.001317        0.2899      %
697      0.001324        0.001321        0.2089      %
698      0.001329        0.004652        249.9764    %
699      0.009724        0.009911        1.9236      %
700      0.010215        0.010552        3.2989      %
701      0.010478        0.010628        1.4335      %
702      0.010548        0.010682        1.2771      %
703      0.010634        0.010671        0.3481      %
704      0.010619        0.010663        0.4214      %
705      0.010658        0.010574        0.7842      %
706      0.010572        0.010518        0.5113      %
707      0.010413        0.010436        0.2180      %
708      0.010311        0.010398        0.8397      %
709      0.010151        0.010318        1.6494      %
710      0.010127        0.010377        2.4629      %
711      0.010334        0.010450        1.1251      %
712      0.010470        0.010582        1.0661      %
713      0.010511        0.010534        0.2181      %
714      0.010420        0.010473        0.5065      %
715      0.010363        0.010380        0.1683      %
716      0.010343        0.010397        0.5160      %
717      0.010282        0.010383        0.9853      %
718      0.010247        0.010291        0.4280      %
719      0.009184        0.009305        1.3120      %
720      0.001294        0.001273        1.6215      %
721      0.001290        0.001311        1.6208      %
722      0.001288        0.001274        1.0818      %
723      0.001296        0.001282        1.1092      %
724      0.001296        0.001275        1.6252      %
725      0.001300        0.001294        0.4729      %
726      0.001304        0.001290        1.0520      %
727      0.001308        0.001290        1.3813      %
728      0.001308        0.001297        0.8725      %
729      0.001310        0.001296        1.0469      %
730      0.001312        0.001293        1.4313      %
731      0.001315        0.001296        1.4313      %
732      0.001319        0.001295        1.7572      %
733      0.001319        0.001297        1.6621      %
734      0.001320        0.001299        1.5885      %
735      0.001315        0.001302        0.9957      %
736      0.001322        0.001303        1.4917      %
737      0.001320        0.001305        1.1795      %
738      0.001322        0.001309        1.0170      %
739      0.001323        0.001308        1.0944      %
740      0.001323        0.001310        0.9660      %
741      0.001328        0.001309        1.3691      %
742      0.001325        0.001312        1.0153      %

第 40 次预测 (起始索引 39) | 窗口 MAPE: 6.4277%
------------------------------------------------------------
点位索引     真实值             预测值             单点 MAPE     
------------------------------------------------------------
697      0.001324        0.001319        0.3190      %
698      0.001329        0.004654        250.0822    %
699      0.009724        0.009914        1.9491      %
700      0.010215        0.010554        3.3226      %
701      0.010478        0.010630        1.4517      %
702      0.010548        0.010684        1.2898      %
703      0.010634        0.010672        0.3562      %
704      0.010619        0.010664        0.4264      %
705      0.010658        0.010575        0.7813      %
706      0.010572        0.010519        0.5096      %
707      0.010413        0.010436        0.2190      %
708      0.010311        0.010398        0.8402      %
709      0.010151        0.010318        1.6497      %
710      0.010127        0.010377        2.4631      %
711      0.010334        0.010450        1.1253      %
712      0.010470        0.010582        1.0662      %
713      0.010511        0.010534        0.2181      %
714      0.010420        0.010473        0.5066      %
715      0.010363        0.010380        0.1683      %
716      0.010343        0.010397        0.5160      %
717      0.010282        0.010383        0.9853      %
718      0.010247        0.010291        0.4280      %
719      0.009184        0.009305        1.3120      %
720      0.001294        0.001273        1.6214      %
721      0.001290        0.001311        1.6209      %
722      0.001288        0.001274        1.0818      %
723      0.001296        0.001282        1.1092      %
724      0.001296        0.001275        1.6252      %
725      0.001300        0.001294        0.4728      %
726      0.001304        0.001290        1.0520      %
727      0.001308        0.001290        1.3813      %
728      0.001308        0.001297        0.8725      %
729      0.001310        0.001296        1.0469      %
730      0.001312        0.001293        1.4313      %
731      0.001315        0.001296        1.4313      %
732      0.001319        0.001295        1.7572      %
733      0.001319        0.001297        1.6621      %
734      0.001320        0.001299        1.5885      %
735      0.001315        0.001302        0.9957      %
736      0.001322        0.001303        1.4917      %
737      0.001320        0.001305        1.1795      %
738      0.001322        0.001309        1.0170      %
739      0.001323        0.001308        1.0944      %
740      0.001323        0.001310        0.9660      %
741      0.001328        0.001309        1.3691      %
742      0.001325        0.001312        1.0153      %
743      0.001329        0.001312        1.2333      %

第 41 次预测 (起始索引 40) | 窗口 MAPE: 6.4452%
------------------------------------------------------------
点位索引     真实值             预测值             单点 MAPE     
------------------------------------------------------------
698      0.001329        0.004652        249.9803    %
699      0.009724        0.009915        1.9639      %
700      0.010215        0.010557        3.3470      %
701      0.010478        0.010632        1.4748      %
702      0.010548        0.010686        1.3079      %
703      0.010634        0.010673        0.3688      %
704      0.010619        0.010665        0.4345      %
705      0.010658        0.010575        0.7763      %
706      0.010572        0.010519        0.5066      %
707      0.010413        0.010436        0.2207      %
708      0.010311        0.010398        0.8412      %
709      0.010151        0.010318        1.6502      %
710      0.010127        0.010377        2.4634      %
711      0.010334        0.010450        1.1254      %
712      0.010470        0.010582        1.0663      %
713      0.010511        0.010534        0.2182      %
714      0.010420        0.010473        0.5066      %
715      0.010363        0.010380        0.1684      %
716      0.010343        0.010397        0.5160      %
717      0.010282        0.010383        0.9853      %
718      0.010247        0.010291        0.4281      %
719      0.009184        0.009305        1.3120      %
720      0.001294        0.001273        1.6214      %
721      0.001290        0.001311        1.6209      %
722      0.001288        0.001274        1.0818      %
723      0.001296        0.001282        1.1092      %
724      0.001296        0.001275        1.6252      %
725      0.001300        0.001294        0.4728      %
726      0.001304        0.001290        1.0520      %
727      0.001308        0.001290        1.3813      %
728      0.001308        0.001297        0.8725      %
729      0.001310        0.001296        1.0469      %
730      0.001312        0.001293        1.4313      %
731      0.001315        0.001296        1.4313      %
732      0.001319        0.001295        1.7572      %
733      0.001319        0.001297        1.6621      %
734      0.001320        0.001299        1.5885      %
735      0.001315        0.001302        0.9957      %
736      0.001322        0.001303        1.4917      %
737      0.001320        0.001305        1.1795      %
738      0.001322        0.001309        1.0170      %
739      0.001323        0.001308        1.0944      %
740      0.001323        0.001310        0.9660      %
741      0.001328        0.001309        1.3691      %
742      0.001325        0.001312        1.0153      %
743      0.001329        0.001312        1.2333      %
744      0.001330        0.001314        1.1457      %

【详细预测数据 (截取前5次与最后5次)】
第 1 次预测 (起始索引 0) | 窗口 MAPE: 6.4529%
------------------------------------------------------------
点位索引     真实值             预测值             单点 MAPE     
------------------------------------------------------------
658      0.010583        0.010588        0.0452      %
659      0.010528        0.010607        0.7432      %
660      0.010447        0.010505        0.5555      %
661      0.010409        0.010429        0.1915      %
662      0.010330        0.010362        0.3069      %
663      0.010389        0.010387        0.0143      %
664      0.010463        0.010571        1.0372      %
665      0.010594        0.010549        0.4225      %
666      0.010547        0.010575        0.2708      %
667      0.010485        0.010547        0.5901      %
668      0.010393        0.010457        0.6154      %
669      0.010410        0.010431        0.2069      %
670      0.010396        0.010347        0.4721      %
671      0.010304        0.010340        0.3522      %
672      0.009318        0.008913        4.3428      %
673      0.001286        0.001253        2.5663      %
674      0.001324        0.001259        4.9534      %
675      0.001288        0.001265        1.7439      %
676      0.001295        0.001273        1.6898      %
677      0.001289        0.001276        0.9908      %
678      0.001307        0.001274        2.5480      %
679      0.001302        0.001280        1.7107      %
680      0.001302        0.001283        1.4037      %
681      0.001308        0.001284        1.8025      %
682      0.001307        0.001293        1.0610      %
683      0.001303        0.001289        1.0685      %
684      0.001306        0.001293        1.0387      %
685      0.001305        0.001296        0.7062      %
686      0.001306        0.001295        0.8335      %
687      0.001308        0.001297        0.8625      %
688      0.001311        0.001299        0.9784      %
689      0.001312        0.001300        0.9016      %
690      0.001314        0.001302        0.8867      %
691      0.001318        0.001302        1.1703      %
692      0.001317        0.001303        1.1220      %
693      0.001320        0.001303        1.2239      %
694      0.001318        0.001305        1.0264      %
695      0.001321        0.001306        1.1095      %
696      0.001321        0.001309        0.9438      %
697      0.001324        0.001310        1.0062      %
698      0.001329        0.004643        249.2615    %
699      0.009724        0.009904        1.8487      %
700      0.010215        0.010547        3.2495      %
701      0.010478        0.010625        1.4024      %
702      0.010548        0.010680        1.2582      %
703      0.010634        0.010670        0.3370      %
704      0.010619        0.010663        0.4150      %

第 2 次预测 (起始索引 1) | 窗口 MAPE: 6.4724%
------------------------------------------------------------
点位索引     真实值             预测值             单点 MAPE     
------------------------------------------------------------
659      0.010528        0.010615        0.8223      %
660      0.010447        0.010509        0.5949      %
661      0.010409        0.010432        0.2199      %
662      0.010330        0.010364        0.3308      %
663      0.010389        0.010389        0.0054      %
664      0.010463        0.010573        1.0527      %
665      0.010594        0.010551        0.4108      %
666      0.010547        0.010576        0.2794      %
667      0.010485        0.010548        0.5963      %
668      0.010393        0.010458        0.6197      %
669      0.010410        0.010431        0.2098      %
670      0.010396        0.010347        0.4701      %
671      0.010304        0.010341        0.3536      %
672      0.009318        0.008913        4.3418      %
673      0.001286        0.001253        2.5618      %
674      0.001324        0.001259        4.9506      %
675      0.001288        0.001265        1.7421      %
676      0.001295        0.001273        1.6887      %
677      0.001289        0.001276        0.9901      %
678      0.001307        0.001274        2.5476      %
679      0.001302        0.001280        1.7105      %
680      0.001302        0.001283        1.4035      %
681      0.001308        0.001284        1.8024      %
682      0.001307        0.001293        1.0610      %
683      0.001303        0.001289        1.0684      %
684      0.001306        0.001293        1.0387      %
685      0.001305        0.001296        0.7062      %
686      0.001306        0.001295        0.8335      %
687      0.001308        0.001297        0.8625      %
688      0.001311        0.001299        0.9784      %
689      0.001312        0.001300        0.9016      %
690      0.001314        0.001302        0.8867      %
691      0.001318        0.001302        1.1704      %
692      0.001317        0.001303        1.1220      %
693      0.001320        0.001303        1.2239      %
694      0.001318        0.001305        1.0264      %
695      0.001321        0.001306        1.1095      %
696      0.001321        0.001309        0.9438      %
697      0.001324        0.001310        1.0062      %
698      0.001329        0.004643        249.2615    %
699      0.009724        0.009904        1.8487      %
700      0.010215        0.010547        3.2495      %
701      0.010478        0.010625        1.4024      %
702      0.010548        0.010680        1.2582      %
703      0.010634        0.010670        0.3370      %
704      0.010619        0.010663        0.4150      %
705      0.010658        0.010574        0.7879      %

第 3 次预测 (起始索引 2) | 窗口 MAPE: 6.4699%
------------------------------------------------------------
点位索引     真实值             预测值             单点 MAPE     
------------------------------------------------------------
660      0.010447        0.010518        0.6828      %
661      0.010409        0.010436        0.2607      %
662      0.010330        0.010367        0.3586      %
663      0.010389        0.010392        0.0280      %
664      0.010463        0.010575        1.0713      %
665      0.010594        0.010552        0.3961      %
666      0.010547        0.010578        0.2907      %
667      0.010485        0.010549        0.6046      %
668      0.010393        0.010458        0.6258      %
669      0.010410        0.010432        0.2141      %
670      0.010396        0.010347        0.4672      %
671      0.010304        0.010341        0.3556      %
672      0.009318        0.008913        4.3404      %
673      0.001286        0.001253        2.5549      %
674      0.001324        0.001259        4.9463      %
675      0.001288        0.001265        1.7393      %
676      0.001295        0.001274        1.6869      %
677      0.001289        0.001276        0.9890      %
678      0.001307        0.001274        2.5469      %
679      0.001302        0.001280        1.7101      %
680      0.001302        0.001283        1.4032      %
681      0.001308        0.001284        1.8022      %
682      0.001307        0.001293        1.0609      %
683      0.001303        0.001289        1.0684      %
684      0.001306        0.001293        1.0387      %
685      0.001305        0.001296        0.7062      %
686      0.001306        0.001295        0.8335      %
687      0.001308        0.001297        0.8625      %
688      0.001311        0.001299        0.9784      %
689      0.001312        0.001300        0.9016      %
690      0.001314        0.001302        0.8867      %
691      0.001318        0.001302        1.1704      %
692      0.001317        0.001303        1.1220      %
693      0.001320        0.001303        1.2239      %
694      0.001318        0.001305        1.0264      %
695      0.001321        0.001306        1.1095      %
696      0.001321        0.001309        0.9438      %
697      0.001324        0.001310        1.0062      %
698      0.001329        0.004643        249.2615    %
699      0.009724        0.009904        1.8487      %
700      0.010215        0.010547        3.2495      %
701      0.010478        0.010625        1.4024      %
702      0.010548        0.010680        1.2582      %
703      0.010634        0.010670        0.3370      %
704      0.010619        0.010663        0.4150      %
705      0.010658        0.010574        0.7879      %
706      0.010572        0.010518        0.5134      %

第 4 次预测 (起始索引 3) | 窗口 MAPE: 6.4638%
------------------------------------------------------------
点位索引     真实值             预测值             单点 MAPE     
------------------------------------------------------------
661      0.010409        0.010446        0.3561      %
662      0.010330        0.010371        0.4007      %
663      0.010389        0.010394        0.0548      %
664      0.010463        0.010577        1.0925      %
665      0.010594        0.010554        0.3788      %
666      0.010547        0.010579        0.3047      %
667      0.010485        0.010550        0.6155      %
668      0.010393        0.010459        0.6339      %
669      0.010410        0.010432        0.2199      %
670      0.010396        0.010348        0.4631      %
671      0.010304        0.010341        0.3584      %
672      0.009318        0.008913        4.3383      %
673      0.001286        0.001253        2.5447      %
674      0.001324        0.001259        4.9399      %
675      0.001288        0.001266        1.7350      %
676      0.001295        0.001274        1.6842      %
677      0.001289        0.001276        0.9873      %
678      0.001307        0.001274        2.5459      %
679      0.001302        0.001280        1.7094      %
680      0.001302        0.001283        1.4028      %
681      0.001308        0.001284        1.8020      %
682      0.001307        0.001293        1.0607      %
683      0.001303        0.001289        1.0683      %
684      0.001306        0.001293        1.0386      %
685      0.001305        0.001296        0.7062      %
686      0.001306        0.001295        0.8335      %
687      0.001308        0.001297        0.8625      %
688      0.001311        0.001299        0.9784      %
689      0.001312        0.001300        0.9016      %
690      0.001314        0.001302        0.8867      %
691      0.001318        0.001302        1.1704      %
692      0.001317        0.001303        1.1220      %
693      0.001320        0.001303        1.2239      %
694      0.001318        0.001305        1.0264      %
695      0.001321        0.001306        1.1095      %
696      0.001321        0.001309        0.9438      %
697      0.001324        0.001310        1.0062      %
698      0.001329        0.004643        249.2615    %
699      0.009724        0.009904        1.8487      %
700      0.010215        0.010547        3.2495      %
701      0.010478        0.010625        1.4024      %
702      0.010548        0.010680        1.2582      %
703      0.010634        0.010670        0.3370      %
704      0.010619        0.010663        0.4150      %
705      0.010658        0.010574        0.7879      %
706      0.010572        0.010518        0.5134      %
707      0.010413        0.010436        0.2168      %

第 5 次预测 (起始索引 4) | 窗口 MAPE: 6.4773%
------------------------------------------------------------
点位索引     真实值             预测值             单点 MAPE     
------------------------------------------------------------
662      0.010330        0.010382        0.5032      %
663      0.010389        0.010399        0.0973      %
664      0.010463        0.010580        1.1181      %
665      0.010594        0.010556        0.3591      %
666      0.010547        0.010581        0.3210      %
667      0.010485        0.010551        0.6287      %
668      0.010393        0.010460        0.6442      %
669      0.010410        0.010433        0.2275      %
670      0.010396        0.010348        0.4576      %
671      0.010304        0.010341        0.3623      %
672      0.009318        0.008914        4.3353      %
673      0.001286        0.001253        2.5302      %
674      0.001324        0.001259        4.9304      %
675      0.001288        0.001266        1.7287      %
676      0.001295        0.001274        1.6801      %
677      0.001289        0.001276        0.9847      %
678      0.001307        0.001274        2.5442      %
679      0.001302        0.001280        1.7084      %
680      0.001302        0.001283        1.4022      %
681      0.001308        0.001284        1.8016      %
682      0.001307        0.001293        1.0605      %
683      0.001303        0.001289        1.0682      %
684      0.001306        0.001293        1.0385      %
685      0.001305        0.001296        0.7061      %
686      0.001306        0.001295        0.8335      %
687      0.001308        0.001297        0.8625      %
688      0.001311        0.001299        0.9784      %
689      0.001312        0.001300        0.9016      %
690      0.001314        0.001302        0.8867      %
691      0.001318        0.001302        1.1704      %
692      0.001317        0.001303        1.1220      %
693      0.001320        0.001303        1.2239      %
694      0.001318        0.001305        1.0264      %
695      0.001321        0.001306        1.1095      %
696      0.001321        0.001309        0.9438      %
697      0.001324        0.001310        1.0062      %
698      0.001329        0.004643        249.2615    %
699      0.009724        0.009904        1.8487      %
700      0.010215        0.010547        3.2495      %
701      0.010478        0.010625        1.4024      %
702      0.010548        0.010680        1.2582      %
703      0.010634        0.010670        0.3370      %
704      0.010619        0.010663        0.4150      %
705      0.010658        0.010574        0.7879      %
706      0.010572        0.010518        0.5134      %
707      0.010413        0.010436        0.2168      %
708      0.010311        0.010398        0.8389      %

...
【最后5次预测详情】
第 81 次预测 (起始索引 80) | 窗口 MAPE: 0.9876%
------------------------------------------------------------
点位索引     真实值             预测值             单点 MAPE     
------------------------------------------------------------
738      0.001322        0.001315        0.5041      %
739      0.001323        0.001317        0.4782      %
740      0.001323        0.001318        0.4043      %
741      0.001328        0.001315        0.9380      %
742      0.001325        0.001316        0.7180      %
743      0.001329        0.001315        1.0450      %
744      0.001330        0.001316        1.0334      %
745      0.001333        0.001321        0.8888      %
746      0.009736        0.009716        0.2070      %
747      0.010152        0.010206        0.5331      %
748      0.010477        0.010470        0.0696      %
749      0.010475        0.010540        0.6199      %
750      0.010495        0.010626        1.2481      %
751      0.010492        0.010610        1.1211      %
752      0.010440        0.010649        2.0031      %
753      0.010421        0.010563        1.3596      %
754      0.010439        0.010403        0.3506      %
755      0.010360        0.010300        0.5805      %
756      0.010194        0.010139        0.5414      %
757      0.010186        0.010115        0.6985      %
758      0.010297        0.010322        0.2347      %
759      0.010458        0.010457        0.0070      %
760      0.010414        0.010499        0.8115      %
761      0.010435        0.010407        0.2687      %
762      0.010366        0.010350        0.1477      %
763      0.010328        0.010331        0.0233      %
764      0.010248        0.010269        0.2018      %
765      0.010191        0.010235        0.4229      %
766      0.007940        0.009172        15.5043     %
767      0.001281        0.001281        0.0174      %
768      0.001282        0.001277        0.3733      %
769      0.001293        0.001274        1.3973      %
770      0.001293        0.001282        0.8328      %
771      0.001294        0.001283        0.8270      %
772      0.001301        0.001287        1.0162      %
773      0.001299        0.001291        0.5798      %
774      0.001302        0.001296        0.4323      %
775      0.001305        0.001297        0.6170      %
776      0.001311        0.001299        0.9043      %
777      0.001310        0.001302        0.6156      %
778      0.001314        0.001305        0.6239      %
779      0.001321        0.001309        0.8773      %
780      0.001317        0.001309        0.5682      %
781      0.001325        0.001311        1.0457      %
782      0.001320        0.001306        1.0735      %
783      0.001322        0.001313        0.6985      %
784      0.001324        0.001311        0.9531      %

第 82 次预测 (起始索引 81) | 窗口 MAPE: 0.9795%
------------------------------------------------------------
点位索引     真实值             预测值             单点 MAPE     
------------------------------------------------------------
739      0.001323        0.001315        0.5603      %
740      0.001323        0.001319        0.3099      %
741      0.001328        0.001317        0.7723      %
742      0.001325        0.001318        0.5548      %
743      0.001329        0.001316        0.9162      %
744      0.001330        0.001317        0.9435      %
745      0.001333        0.001322        0.8310      %
746      0.009736        0.009716        0.2022      %
747      0.010152        0.010207        0.5358      %
748      0.010477        0.010470        0.0682      %
749      0.010475        0.010540        0.6207      %
750      0.010495        0.010626        1.2485      %
751      0.010492        0.010610        1.1213      %
752      0.010440        0.010649        2.0033      %
753      0.010421        0.010563        1.3597      %
754      0.010439        0.010403        0.3505      %
755      0.010360        0.010300        0.5804      %
756      0.010194        0.010139        0.5414      %
757      0.010186        0.010115        0.6985      %
758      0.010297        0.010322        0.2347      %
759      0.010458        0.010457        0.0070      %
760      0.010414        0.010499        0.8115      %
761      0.010435        0.010407        0.2686      %
762      0.010366        0.010350        0.1477      %
763      0.010328        0.010331        0.0233      %
764      0.010248        0.010269        0.2018      %
765      0.010191        0.010235        0.4230      %
766      0.007940        0.009172        15.5043     %
767      0.001281        0.001281        0.0174      %
768      0.001282        0.001277        0.3733      %
769      0.001293        0.001274        1.3973      %
770      0.001293        0.001282        0.8328      %
771      0.001294        0.001283        0.8270      %
772      0.001301        0.001287        1.0162      %
773      0.001299        0.001291        0.5798      %
774      0.001302        0.001296        0.4323      %
775      0.001305        0.001297        0.6169      %
776      0.001311        0.001299        0.9043      %
777      0.001310        0.001302        0.6156      %
778      0.001314        0.001305        0.6239      %
779      0.001321        0.001309        0.8773      %
780      0.001317        0.001309        0.5682      %
781      0.001325        0.001311        1.0457      %
782      0.001320        0.001306        1.0735      %
783      0.001322        0.001313        0.6985      %
784      0.001324        0.001311        0.9531      %
785      0.001323        0.001313        0.7426      %

第 83 次预测 (起始索引 82) | 窗口 MAPE: 0.9708%
------------------------------------------------------------
点位索引     真实值             预测值             单点 MAPE     
------------------------------------------------------------
740      0.001323        0.001318        0.4064      %
741      0.001328        0.001319        0.6763      %
742      0.001325        0.001320        0.3826      %
743      0.001329        0.001319        0.7474      %
744      0.001330        0.001319        0.8100      %
745      0.001333        0.001323        0.7377      %
746      0.009736        0.009717        0.1940      %
747      0.010152        0.010207        0.5406      %
748      0.010477        0.010470        0.0654      %
749      0.010475        0.010540        0.6222      %
750      0.010495        0.010626        1.2493      %
751      0.010492        0.010610        1.1218      %
752      0.010440        0.010649        2.0035      %
753      0.010421        0.010563        1.3599      %
754      0.010439        0.010403        0.3504      %
755      0.010360        0.010300        0.5804      %
756      0.010194        0.010139        0.5413      %
757      0.010186        0.010115        0.6985      %
758      0.010297        0.010322        0.2347      %
759      0.010458        0.010457        0.0070      %
760      0.010414        0.010499        0.8115      %
761      0.010435        0.010407        0.2686      %
762      0.010366        0.010350        0.1477      %
763      0.010328        0.010331        0.0233      %
764      0.010248        0.010269        0.2018      %
765      0.010191        0.010235        0.4230      %
766      0.007940        0.009172        15.5043     %
767      0.001281        0.001281        0.0173      %
768      0.001282        0.001277        0.3733      %
769      0.001293        0.001274        1.3973      %
770      0.001293        0.001282        0.8328      %
771      0.001294        0.001283        0.8270      %
772      0.001301        0.001287        1.0162      %
773      0.001299        0.001291        0.5798      %
774      0.001302        0.001296        0.4323      %
775      0.001305        0.001297        0.6169      %
776      0.001311        0.001299        0.9043      %
777      0.001310        0.001302        0.6156      %
778      0.001314        0.001305        0.6239      %
779      0.001321        0.001309        0.8773      %
780      0.001317        0.001309        0.5682      %
781      0.001325        0.001311        1.0457      %
782      0.001320        0.001306        1.0735      %
783      0.001322        0.001313        0.6985      %
784      0.001324        0.001311        0.9531      %
785      0.001323        0.001313        0.7426      %
786      0.001323        0.001314        0.7243      %

第 84 次预测 (起始索引 83) | 窗口 MAPE: 0.9689%
------------------------------------------------------------
点位索引     真实值             预测值             单点 MAPE     
------------------------------------------------------------
741      0.001328        0.001317        0.7825      %
742      0.001325        0.001322        0.2843      %
743      0.001329        0.001321        0.5704      %
744      0.001330        0.001321        0.6362      %
745      0.001333        0.001325        0.6005      %
746      0.009736        0.009718        0.1808      %
747      0.010152        0.010208        0.5488      %
748      0.010477        0.010471        0.0606      %
749      0.010475        0.010540        0.6250      %
750      0.010495        0.010626        1.2509      %
751      0.010492        0.010610        1.1226      %
752      0.010440        0.010649        2.0040      %
753      0.010421        0.010563        1.3602      %
754      0.010439        0.010403        0.3503      %
755      0.010360        0.010300        0.5803      %
756      0.010194        0.010139        0.5413      %
757      0.010186        0.010115        0.6984      %
758      0.010297        0.010322        0.2347      %
759      0.010458        0.010457        0.0070      %
760      0.010414        0.010499        0.8115      %
761      0.010435        0.010407        0.2686      %
762      0.010366        0.010350        0.1477      %
763      0.010328        0.010331        0.0233      %
764      0.010248        0.010269        0.2018      %
765      0.010191        0.010235        0.4230      %
766      0.007940        0.009172        15.5043     %
767      0.001281        0.001281        0.0173      %
768      0.001282        0.001277        0.3733      %
769      0.001293        0.001274        1.3973      %
770      0.001293        0.001282        0.8328      %
771      0.001294        0.001283        0.8270      %
772      0.001301        0.001287        1.0162      %
773      0.001299        0.001291        0.5798      %
774      0.001302        0.001296        0.4323      %
775      0.001305        0.001297        0.6169      %
776      0.001311        0.001299        0.9043      %
777      0.001310        0.001302        0.6156      %
778      0.001314        0.001305        0.6239      %
779      0.001321        0.001309        0.8773      %
780      0.001317        0.001309        0.5682      %
781      0.001325        0.001311        1.0457      %
782      0.001320        0.001306        1.0735      %
783      0.001322        0.001313        0.6985      %
784      0.001324        0.001311        0.9531      %
785      0.001323        0.001313        0.7426      %
786      0.001323        0.001314        0.7243      %
787      0.001325        0.001314        0.7979      %

第 85 次预测 (起始索引 84) | 窗口 MAPE: 0.9563%
------------------------------------------------------------
点位索引     真实值             预测值             单点 MAPE     
------------------------------------------------------------
742      0.001325        0.001320        0.3961      %
743      0.001329        0.001322        0.4698      %
744      0.001330        0.001324        0.4550      %
745      0.001333        0.001327        0.4232      %
746      0.009736        0.009720        0.1616      %
747      0.010152        0.010209        0.5617      %
748      0.010477        0.010472        0.0525      %
749      0.010475        0.010541        0.6300      %
750      0.010495        0.010626        1.2539      %
751      0.010492        0.010610        1.1243      %
752      0.010440        0.010649        2.0050      %
753      0.010421        0.010563        1.3607      %
754      0.010439        0.010403        0.3500      %
755      0.010360        0.010300        0.5801      %
756      0.010194        0.010139        0.5412      %
757      0.010186        0.010115        0.6984      %
758      0.010297        0.010322        0.2348      %
759      0.010458        0.010457        0.0070      %
760      0.010414        0.010499        0.8116      %
761      0.010435        0.010407        0.2686      %
762      0.010366        0.010350        0.1477      %
763      0.010328        0.010331        0.0233      %
764      0.010248        0.010269        0.2018      %
765      0.010191        0.010235        0.4230      %
766      0.007940        0.009172        15.5043     %
767      0.001281        0.001281        0.0173      %
768      0.001282        0.001277        0.3733      %
769      0.001293        0.001274        1.3973      %
770      0.001293        0.001282        0.8328      %
771      0.001294        0.001283        0.8270      %
772      0.001301        0.001287        1.0162      %
773      0.001299        0.001291        0.5798      %
774      0.001302        0.001296        0.4323      %
775      0.001305        0.001297        0.6169      %
776      0.001311        0.001299        0.9043      %
777      0.001310        0.001302        0.6156      %
778      0.001314        0.001305        0.6239      %
779      0.001321        0.001309        0.8773      %
780      0.001317        0.001309        0.5682      %
781      0.001325        0.001311        1.0457      %
782      0.001320        0.001306        1.0735      %
783      0.001322        0.001313        0.6985      %
784      0.001324        0.001311        0.9531      %
785      0.001323        0.001313        0.7426      %
786      0.001323        0.001314        0.7243      %
787      0.001325        0.001314        0.7979      %
788      0.001326        0.001319        0.5450      %
