================================================================================
LSTM 时序预测详细报告
================================================================================
生成时间: 2026-06-10 19:30:14

【模型与数据信息】
  模型名称: LSTM_h64_l4_drop0.3_lr0.0005_huber_r2_0.9963.pth
  数据来源: 杭州市医院 (末尾40.0%)
  目标字段: RMS_Value
  滑动窗口总数: 85
  整体 MAPE: 4.0778%
  整体准确率: 95.92%

【异常预测记录 (窗口 MAPE > 5%, 共计 41 次)】
第 1 次预测 (起始索引 0) | 窗口 MAPE: 6.6859%
------------------------------------------------------------
点位索引     真实值             预测值             单点 MAPE     
------------------------------------------------------------
658      0.010583        0.010582        0.0105      %
659      0.010528        0.010651        1.1667      %
660      0.010447        0.010522        0.7217      %
661      0.010409        0.010443        0.3203      %
662      0.010330        0.010376        0.4489      %
663      0.010389        0.010449        0.5849      %
664      0.010463        0.010640        1.6974      %
665      0.010594        0.010536        0.5521      %
666      0.010547        0.010573        0.2488      %
667      0.010485        0.010537        0.4925      %
668      0.010393        0.010524        1.2605      %
669      0.010410        0.010456        0.4492      %
670      0.010396        0.010365        0.2959      %
671      0.010304        0.010368        0.6221      %
672      0.009318        0.008949        3.9594      %
673      0.001286        0.001283        0.1922      %
674      0.001324        0.001270        4.0949      %
675      0.001288        0.001270        1.3703      %
676      0.001295        0.001269        2.0102      %
677      0.001289        0.001261        2.1826      %
678      0.001307        0.001287        1.5340      %
679      0.001302        0.001300        0.1663      %
680      0.001302        0.001266        2.7067      %
681      0.001308        0.001316        0.6514      %
682      0.001307        0.001252        4.1865      %
683      0.001303        0.001316        0.9339      %
684      0.001306        0.001342        2.7646      %
685      0.001305        0.001263        3.2444      %
686      0.001306        0.001324        1.3588      %
687      0.001308        0.001297        0.8642      %
688      0.001311        0.001313        0.1399      %
689      0.001312        0.001327        1.1832      %
690      0.001314        0.001348        2.6267      %
691      0.001318        0.001300        1.3153      %
692      0.001317        0.001233        6.3897      %
693      0.001320        0.001314        0.4314      %
694      0.001318        0.001300        1.4126      %
695      0.001321        0.001332        0.8503      %
696      0.001321        0.001328        0.5336      %
697      0.001324        0.001304        1.5011      %
698      0.001329        0.004625        247.9597    %
699      0.009724        0.009893        1.7395      %
700      0.010215        0.010542        3.2048      %
701      0.010478        0.010660        1.7428      %
702      0.010548        0.010671        1.1648      %
703      0.010634        0.010660        0.2431      %
704      0.010619        0.010694        0.7079      %

第 2 次预测 (起始索引 1) | 窗口 MAPE: 6.6818%
------------------------------------------------------------
点位索引     真实值             预测值             单点 MAPE     
------------------------------------------------------------
659      0.010528        0.010611        0.7891      %
660      0.010447        0.010554        1.0294      %
661      0.010409        0.010451        0.4005      %
662      0.010330        0.010380        0.4808      %
663      0.010389        0.010404        0.1502      %
664      0.010463        0.010637        1.6625      %
665      0.010594        0.010621        0.2553      %
666      0.010547        0.010563        0.1549      %
667      0.010485        0.010548        0.5950      %
668      0.010393        0.010446        0.5101      %
669      0.010410        0.010500        0.8655      %
670      0.010396        0.010370        0.2531      %
671      0.010304        0.010359        0.5355      %
672      0.009318        0.008939        4.0611      %
673      0.001286        0.001289        0.1995      %
674      0.001324        0.001290        2.5564      %
675      0.001288        0.001275        1.0370      %
676      0.001295        0.001279        1.2932      %
677      0.001289        0.001272        1.3067      %
678      0.001307        0.001258        3.7874      %
679      0.001302        0.001293        0.7407      %
680      0.001302        0.001306        0.3080      %
681      0.001308        0.001267        3.1305      %
682      0.001307        0.001325        1.4424      %
683      0.001303        0.001248        4.2623      %
684      0.001306        0.001320        1.0711      %
685      0.001305        0.001348        3.2789      %
686      0.001306        0.001263        3.2816      %
687      0.001308        0.001331        1.7077      %
688      0.001311        0.001299        0.9303      %
689      0.001312        0.001313        0.1066      %
690      0.001314        0.001328        1.0563      %
691      0.001318        0.001350        2.4561      %
692      0.001317        0.001299        1.4003      %
693      0.001320        0.001232        6.6295      %
694      0.001318        0.001313        0.3941      %
695      0.001321        0.001299        1.6781      %
696      0.001321        0.001332        0.7875      %
697      0.001324        0.001326        0.1512      %
698      0.001329        0.004634        248.6208    %
699      0.009724        0.009886        1.6639      %
700      0.010215        0.010533        3.1157      %
701      0.010478        0.010618        1.3346      %
702      0.010548        0.010714        1.5791      %
703      0.010634        0.010657        0.2185      %
704      0.010619        0.010649        0.2877      %
705      0.010658        0.010606        0.4854      %

第 3 次预测 (起始索引 2) | 窗口 MAPE: 6.7068%
------------------------------------------------------------
点位索引     真实值             预测值             单点 MAPE     
------------------------------------------------------------
660      0.010447        0.010517        0.6709      %
661      0.010409        0.010482        0.7024      %
662      0.010330        0.010387        0.5545      %
663      0.010389        0.010409        0.1943      %
664      0.010463        0.010590        1.2178      %
665      0.010594        0.010617        0.2194      %
666      0.010547        0.010650        0.9743      %
667      0.010485        0.010536        0.4853      %
668      0.010393        0.010460        0.6389      %
669      0.010410        0.010419        0.0936      %
670      0.010396        0.010416        0.1962      %
671      0.010304        0.010361        0.5509      %
672      0.009318        0.008932        4.1400      %
673      0.001286        0.001278        0.6197      %
674      0.001324        0.001294        2.2521      %
675      0.001288        0.001299        0.8324      %
676      0.001295        0.001280        1.1730      %
677      0.001289        0.001281        0.6106      %
678      0.001307        0.001270        2.8958      %
679      0.001302        0.001263        3.0182      %
680      0.001302        0.001295        0.4978      %
681      0.001308        0.001309        0.0482      %
682      0.001307        0.001275        2.4083      %
683      0.001303        0.001323        1.5069      %
684      0.001306        0.001251        4.2569      %
685      0.001305        0.001325        1.5150      %
686      0.001306        0.001349        3.3056      %
687      0.001308        0.001266        3.2089      %
688      0.001311        0.001336        1.8944      %
689      0.001312        0.001301        0.8102      %
690      0.001314        0.001314        0.0315      %
691      0.001318        0.001326        0.6547      %
692      0.001317        0.001352        2.5933      %
693      0.001320        0.001298        1.6120      %
694      0.001318        0.001232        6.5699      %
695      0.001321        0.001313        0.6031      %
696      0.001321        0.001299        1.6910      %
697      0.001324        0.001331        0.5293      %
698      0.001329        0.004655        250.1547    %
699      0.009724        0.009894        1.7422      %
700      0.010215        0.010529        3.0704      %
701      0.010478        0.010608        1.2464      %
702      0.010548        0.010671        1.1722      %
703      0.010634        0.010702        0.6398      %
704      0.010619        0.010648        0.2805      %
705      0.010658        0.010558        0.9396      %
706      0.010572        0.010552        0.1954      %

第 4 次预测 (起始索引 3) | 窗口 MAPE: 6.8511%
------------------------------------------------------------
点位索引     真实值             预测值             单点 MAPE     
------------------------------------------------------------
661      0.010409        0.010447        0.3630      %
662      0.010330        0.010418        0.8485      %
663      0.010389        0.010416        0.2621      %
664      0.010463        0.010596        1.2700      %
665      0.010594        0.010570        0.2314      %
666      0.010547        0.010645        0.9347      %
667      0.010485        0.010624        1.3167      %
668      0.010393        0.010447        0.5190      %
669      0.010410        0.010435        0.2416      %
670      0.010396        0.010334        0.5939      %
671      0.010304        0.010410        1.0306      %
672      0.009318        0.008932        4.1432      %
673      0.001286        0.001271        1.1256      %
674      0.001324        0.001283        3.1077      %
675      0.001288        0.001301        1.0537      %
676      0.001295        0.001308        0.9652      %
677      0.001289        0.001280        0.6660      %
678      0.001307        0.001278        2.2219      %
679      0.001302        0.001275        2.1173      %
680      0.001302        0.001266        2.7640      %
681      0.001308        0.001295        0.9741      %
682      0.001307        0.001319        0.9144      %
683      0.001303        0.001272        2.4222      %
684      0.001306        0.001327        1.6109      %
685      0.001305        0.001254        3.9386      %
686      0.001306        0.001326        1.4864      %
687      0.001308        0.001353        3.3974      %
688      0.001311        0.001269        3.2242      %
689      0.001312        0.001341        2.2005      %
690      0.001314        0.001304        0.7556      %
691      0.001318        0.001314        0.3170      %
692      0.001317        0.001326        0.6249      %
693      0.001320        0.001353        2.5388      %
694      0.001318        0.001299        1.4910      %
695      0.001321        0.001232        6.7524      %
696      0.001321        0.001314        0.5232      %
697      0.001324        0.001298        1.9105      %
698      0.001329        0.004661        250.6418    %
699      0.009724        0.009913        1.9426      %
700      0.010215        0.010535        3.1315      %
701      0.010478        0.010607        1.2305      %
702      0.010548        0.010662        1.0848      %
703      0.010634        0.010659        0.2394      %
704      0.010619        0.010693        0.7053      %
705      0.010658        0.010559        0.9293      %
706      0.010572        0.010500        0.6836      %
707      0.010413        0.010471        0.5531      %

第 5 次预测 (起始索引 4) | 窗口 MAPE: 6.7899%
------------------------------------------------------------
点位索引     真实值             预测值             单点 MAPE     
------------------------------------------------------------
662      0.010330        0.010384        0.5259      %
663      0.010389        0.010445        0.5427      %
664      0.010463        0.010602        1.3347      %
665      0.010594        0.010575        0.1766      %
666      0.010547        0.010597        0.4723      %
667      0.010485        0.010619        1.2724      %
668      0.010393        0.010535        1.3639      %
669      0.010410        0.010422        0.1178      %
670      0.010396        0.010351        0.4318      %
671      0.010304        0.010327        0.2215      %
672      0.009318        0.008983        3.5923      %
673      0.001286        0.001270        1.2200      %
674      0.001324        0.001277        3.5793      %
675      0.001288        0.001290        0.1322      %
676      0.001295        0.001309        1.0911      %
677      0.001289        0.001311        1.7387      %
678      0.001307        0.001276        2.4168      %
679      0.001302        0.001283        1.4456      %
680      0.001302        0.001277        1.8714      %
681      0.001308        0.001266        3.1910      %
682      0.001307        0.001303        0.3071      %
683      0.001303        0.001317        1.0104      %
684      0.001306        0.001275        2.3796      %
685      0.001305        0.001331        2.0344      %
686      0.001306        0.001253        4.0599      %
687      0.001308        0.001329        1.5446      %
688      0.001311        0.001355        3.3634      %
689      0.001312        0.001272        3.0623      %
690      0.001314        0.001345        2.3693      %
691      0.001318        0.001305        1.0001      %
692      0.001317        0.001313        0.3056      %
693      0.001320        0.001326        0.4751      %
694      0.001318        0.001355        2.7633      %
695      0.001321        0.001300        1.6133      %
696      0.001321        0.001233        6.6671      %
697      0.001324        0.001315        0.6368      %
698      0.001329        0.004629        248.2302    %
699      0.009724        0.009921        2.0212      %
700      0.010215        0.010554        3.3174      %
701      0.010478        0.010611        1.2753      %
702      0.010548        0.010663        1.0971      %
703      0.010634        0.010650        0.1545      %
704      0.010619        0.010652        0.3104      %
705      0.010658        0.010604        0.5094      %
706      0.010572        0.010503        0.6576      %
707      0.010413        0.010417        0.0330      %
708      0.010311        0.010434        1.1909      %

第 6 次预测 (起始索引 5) | 窗口 MAPE: 6.8501%
------------------------------------------------------------
点位索引     真实值             预测值             单点 MAPE     
------------------------------------------------------------
663      0.010389        0.010414        0.2401      %
664      0.010463        0.010630        1.6010      %
665      0.010594        0.010582        0.1121      %
666      0.010547        0.010602        0.5261      %
667      0.010485        0.010569        0.7999      %
668      0.010393        0.010530        1.3144      %
669      0.010410        0.010510        0.9663      %
670      0.010396        0.010338        0.5557      %
671      0.010304        0.010345        0.3942      %
672      0.009318        0.008899        4.4949      %
673      0.001286        0.001323        2.8572      %
674      0.001324        0.001275        3.6762      %
675      0.001288        0.001283        0.3639      %
676      0.001295        0.001297        0.1508      %
677      0.001289        0.001312        1.7726      %
678      0.001307        0.001310        0.1729      %
679      0.001302        0.001279        1.7562      %
680      0.001302        0.001286        1.1991      %
681      0.001308        0.001278        2.3220      %
682      0.001307        0.001274        2.4659      %
683      0.001303        0.001298        0.3854      %
684      0.001306        0.001321        1.1144      %
685      0.001305        0.001278        2.0290      %
686      0.001306        0.001332        1.9945      %
687      0.001308        0.001255        4.0709      %
688      0.001311        0.001331        1.5043      %
689      0.001312        0.001358        3.4950      %
690      0.001314        0.001275        2.9722      %
691      0.001318        0.001346        2.1797      %
692      0.001317        0.001305        0.9108      %
693      0.001320        0.001314        0.4248      %
694      0.001318        0.001327        0.6557      %
695      0.001321        0.001356        2.6749      %
696      0.001321        0.001302        1.4562      %
697      0.001324        0.001234        6.7726      %
698      0.001329        0.004647        249.6068    %
699      0.009724        0.009889        1.6919      %
700      0.010215        0.010562        3.4000      %
701      0.010478        0.010630        1.4547      %
702      0.010548        0.010666        1.1258      %
703      0.010634        0.010654        0.1923      %
704      0.010619        0.010643        0.2280      %
705      0.010658        0.010563        0.8952      %
706      0.010572        0.010547        0.2419      %
707      0.010413        0.010421        0.0725      %
708      0.010311        0.010378        0.6472      %
709      0.010151        0.010356        2.0169      %

第 7 次预测 (起始索引 6) | 窗口 MAPE: 6.5863%
------------------------------------------------------------
点位索引     真实值             预测值             单点 MAPE     
------------------------------------------------------------
664      0.010463        0.010601        1.3181      %
665      0.010594        0.010609        0.1390      %
666      0.010547        0.010610        0.5939      %
667      0.010485        0.010575        0.8494      %
668      0.010393        0.010480        0.8327      %
669      0.010410        0.010504        0.9122      %
670      0.010396        0.010427        0.2979      %
671      0.010304        0.010332        0.2722      %
672      0.009318        0.008917        4.2977      %
673      0.001286        0.001238        3.7109      %
674      0.001324        0.001328        0.3132      %
675      0.001288        0.001282        0.4168      %
676      0.001295        0.001291        0.3704      %
677      0.001289        0.001300        0.8163      %
678      0.001307        0.001309        0.1179      %
679      0.001302        0.001316        1.0303      %
680      0.001302        0.001281        1.6081      %
681      0.001308        0.001286        1.6472      %
682      0.001307        0.001285        1.6228      %
683      0.001303        0.001271        2.4720      %
684      0.001306        0.001301        0.4231      %
685      0.001305        0.001325        1.5156      %
686      0.001306        0.001278        2.1306      %
687      0.001308        0.001335        2.0482      %
688      0.001311        0.001257        4.1586      %
689      0.001312        0.001333        1.6542      %
690      0.001314        0.001360        3.5285      %
691      0.001318        0.001276        3.1920      %
692      0.001317        0.001348        2.2976      %
693      0.001320        0.001307        0.9681      %
694      0.001318        0.001315        0.2283      %
695      0.001321        0.001328        0.5662      %
696      0.001321        0.001359        2.8281      %
697      0.001324        0.001304        1.5060      %
698      0.001329        0.004566        243.4912    %
699      0.009724        0.009908        1.8935      %
700      0.010215        0.010530        3.0851      %
701      0.010478        0.010639        1.5387      %
702      0.010548        0.010685        1.3037      %
703      0.010634        0.010656        0.2044      %
704      0.010619        0.010649        0.2881      %
705      0.010658        0.010554        0.9746      %
706      0.010572        0.010507        0.6228      %
707      0.010413        0.010464        0.4837      %
708      0.010311        0.010383        0.6966      %
709      0.010151        0.010298        1.4507      %
710      0.010127        0.010415        2.8396      %

第 8 次预测 (起始索引 7) | 窗口 MAPE: 6.8275%
------------------------------------------------------------
点位索引     真实值             预测值             单点 MAPE     
------------------------------------------------------------
665      0.010594        0.010581        0.1234      %
666      0.010547        0.010635        0.8356      %
667      0.010485        0.010582        0.9226      %
668      0.010393        0.010484        0.8762      %
669      0.010410        0.010454        0.4280      %
670      0.010396        0.010421        0.2391      %
671      0.010304        0.010421        1.1376      %
672      0.009318        0.008905        4.4275      %
673      0.001286        0.001257        2.2537      %
674      0.001324        0.001244        6.0787      %
675      0.001288        0.001335        3.6745      %
676      0.001295        0.001291        0.3408      %
677      0.001289        0.001292        0.2616      %
678      0.001307        0.001297        0.8286      %
679      0.001302        0.001314        0.8868      %
680      0.001302        0.001319        1.3391      %
681      0.001308        0.001280        2.1461      %
682      0.001307        0.001294        0.9367      %
683      0.001303        0.001282        1.6598      %
684      0.001306        0.001275        2.4171      %
685      0.001305        0.001303        0.1465      %
686      0.001306        0.001325        1.4485      %
687      0.001308        0.001280        2.1327      %
688      0.001311        0.001338        2.0058      %
689      0.001312        0.001259        4.0533      %
690      0.001314        0.001337        1.7348      %
691      0.001318        0.001360        3.2372      %
692      0.001317        0.001277        3.0973      %
693      0.001320        0.001349        2.2478      %
694      0.001318        0.001309        0.7200      %
695      0.001321        0.001317        0.3088      %
696      0.001321        0.001331        0.7293      %
697      0.001324        0.001360        2.7418      %
698      0.001329        0.004636        248.7814    %
699      0.009724        0.009827        1.0568      %
700      0.010215        0.010551        3.2877      %
701      0.010478        0.010607        1.2288      %
702      0.010548        0.010694        1.3869      %
703      0.010634        0.010674        0.3812      %
704      0.010619        0.010649        0.2834      %
705      0.010658        0.010562        0.8965      %
706      0.010572        0.010498        0.7007      %
707      0.010413        0.010424        0.1047      %
708      0.010311        0.010425        1.0999      %
709      0.010151        0.010304        1.5069      %
710      0.010127        0.010356        2.2612      %
711      0.010334        0.010489        1.4999      %

第 9 次预测 (起始索引 8) | 窗口 MAPE: 6.8968%
------------------------------------------------------------
点位索引     真实值             预测值             单点 MAPE     
------------------------------------------------------------
666      0.010547        0.010609        0.5891      %
667      0.010485        0.010607        1.1574      %
668      0.010393        0.010493        0.9558      %
669      0.010410        0.010458        0.4656      %
670      0.010396        0.010370        0.2478      %
671      0.010304        0.010415        1.0731      %
672      0.009318        0.008995        3.4647      %
673      0.001286        0.001245        3.1545      %
674      0.001324        0.001263        4.6365      %
675      0.001288        0.001250        2.9123      %
676      0.001295        0.001343        3.6918      %
677      0.001289        0.001294        0.3933      %
678      0.001307        0.001289        1.3970      %
679      0.001302        0.001301        0.0645      %
680      0.001302        0.001316        1.1036      %
681      0.001308        0.001320        0.9290      %
682      0.001307        0.001287        1.5323      %
683      0.001303        0.001291        0.9569      %
684      0.001306        0.001285        1.6448      %
685      0.001305        0.001278        2.0502      %
686      0.001306        0.001302        0.3197      %
687      0.001308        0.001328        1.4837      %
688      0.001311        0.001282        2.2246      %
689      0.001312        0.001340        2.1524      %
690      0.001314        0.001261        3.9990      %
691      0.001318        0.001338        1.5137      %
692      0.001317        0.001361        3.2816      %
693      0.001320        0.001278        3.1574      %
694      0.001318        0.001352        2.5175      %
695      0.001321        0.001311        0.7466      %
696      0.001321        0.001319        0.1419      %
697      0.001324        0.001332        0.6471      %
698      0.001329        0.004692        252.9787    %
699      0.009724        0.009898        1.7826      %
700      0.010215        0.010469        2.4913      %
701      0.010478        0.010628        1.4345      %
702      0.010548        0.010661        1.0746      %
703      0.010634        0.010683        0.4600      %
704      0.010619        0.010667        0.4608      %
705      0.010658        0.010560        0.9183      %
706      0.010572        0.010508        0.6080      %
707      0.010413        0.010416        0.0264      %
708      0.010311        0.010386        0.7235      %
709      0.010151        0.010344        1.9047      %
710      0.010127        0.010362        2.3201      %
711      0.010334        0.010429        0.9234      %
712      0.010470        0.010621        1.4396      %

第 10 次预测 (起始索引 9) | 窗口 MAPE: 6.9056%
------------------------------------------------------------
点位索引     真实值             预测值             单点 MAPE     
------------------------------------------------------------
667      0.010485        0.010583        0.9261      %
668      0.010393        0.010517        1.1869      %
669      0.010410        0.010467        0.5502      %
670      0.010396        0.010374        0.2135      %
671      0.010304        0.010364        0.5799      %
672      0.009318        0.008988        3.5431      %
673      0.001286        0.001336        3.8791      %
674      0.001324        0.001252        5.4790      %
675      0.001288        0.001270        1.3912      %
676      0.001295        0.001258        2.8855      %
677      0.001289        0.001346        4.4012      %
678      0.001307        0.001292        1.1636      %
679      0.001302        0.001294        0.6397      %
680      0.001302        0.001304        0.1500      %
681      0.001308        0.001316        0.5955      %
682      0.001307        0.001329        1.6857      %
683      0.001303        0.001282        1.6625      %
684      0.001306        0.001294        0.9250      %
685      0.001305        0.001288        1.3219      %
686      0.001306        0.001278        2.1305      %
687      0.001308        0.001303        0.3821      %
688      0.001311        0.001330        1.4425      %
689      0.001312        0.001284        2.1328      %
690      0.001314        0.001343        2.2212      %
691      0.001318        0.001262        4.2324      %
692      0.001317        0.001339        1.6356      %
693      0.001320        0.001361        3.1684      %
694      0.001318        0.001280        2.9252      %
695      0.001321        0.001354        2.5239      %
696      0.001321        0.001314        0.5183      %
697      0.001324        0.001321        0.2145      %
698      0.001329        0.004664        250.8645    %
699      0.009724        0.009953        2.3544      %
700      0.010215        0.010540        3.1806      %
701      0.010478        0.010547        0.6594      %
702      0.010548        0.010683        1.2857      %
703      0.010634        0.010649        0.1450      %
704      0.010619        0.010675        0.5335      %
705      0.010658        0.010579        0.7412      %
706      0.010572        0.010504        0.6476      %
707      0.010413        0.010427        0.1309      %
708      0.010311        0.010378        0.6434      %
709      0.010151        0.010306        1.5273      %
710      0.010127        0.010401        2.7087      %
711      0.010334        0.010435        0.9813      %
712      0.010470        0.010560        0.8601      %
713      0.010511        0.010574        0.5921      %

第 11 次预测 (起始索引 10) | 窗口 MAPE: 6.7769%
------------------------------------------------------------
点位索引     真实值             预测值             单点 MAPE     
------------------------------------------------------------
668      0.010393        0.010494        0.9697      %
669      0.010410        0.010491        0.7782      %
670      0.010396        0.010383        0.1255      %
671      0.010304        0.010368        0.6154      %
672      0.009318        0.008936        4.0912      %
673      0.001286        0.001328        3.2462      %
674      0.001324        0.001343        1.4257      %
675      0.001288        0.001259        2.2349      %
676      0.001295        0.001278        1.3191      %
677      0.001289        0.001260        2.2599      %
678      0.001307        0.001343        2.7484      %
679      0.001302        0.001298        0.3099      %
680      0.001302        0.001296        0.4095      %
681      0.001308        0.001303        0.3581      %
682      0.001307        0.001323        1.2408      %
683      0.001303        0.001326        1.7135      %
684      0.001306        0.001283        1.7532      %
685      0.001305        0.001297        0.5796      %
686      0.001306        0.001287        1.4566      %
687      0.001308        0.001281        2.1056      %
688      0.001311        0.001305        0.5190      %
689      0.001312        0.001333        1.6151      %
690      0.001314        0.001286        2.1092      %
691      0.001318        0.001344        1.9751      %
692      0.001317        0.001263        4.1345      %
693      0.001320        0.001341        1.6069      %
694      0.001318        0.001363        3.3748      %
695      0.001321        0.001282        2.9670      %
696      0.001321        0.001358        2.8198      %
697      0.001324        0.001317        0.5151      %
698      0.001329        0.004653        250.0262    %
699      0.009724        0.009924        2.0556      %
700      0.010215        0.010596        3.7274      %
701      0.010478        0.010617        1.3257      %
702      0.010548        0.010602        0.5182      %
703      0.010634        0.010672        0.3604      %
704      0.010619        0.010641        0.2121      %
705      0.010658        0.010586        0.6766      %
706      0.010572        0.010523        0.4679      %
707      0.010413        0.010421        0.0726      %
708      0.010311        0.010389        0.7566      %
709      0.010151        0.010297        1.4428      %
710      0.010127        0.010363        2.3341      %
711      0.010334        0.010474        1.3549      %
712      0.010470        0.010566        0.9164      %
713      0.010511        0.010512        0.0024      %
714      0.010420        0.010512        0.8852      %

第 12 次预测 (起始索引 11) | 窗口 MAPE: 6.8545%
------------------------------------------------------------
点位索引     真实值             预测值             单点 MAPE     
------------------------------------------------------------
669      0.010410        0.010470        0.5761      %
670      0.010396        0.010407        0.1030      %
671      0.010304        0.010377        0.7046      %
672      0.009318        0.008941        4.0455      %
673      0.001286        0.001276        0.7533      %
674      0.001324        0.001334        0.7304      %
675      0.001288        0.001352        4.9618      %
676      0.001295        0.001268        2.1473      %
677      0.001289        0.001281        0.6120      %
678      0.001307        0.001257        3.8961      %
679      0.001302        0.001349        3.5931      %
680      0.001302        0.001302        0.0011      %
681      0.001308        0.001296        0.8801      %
682      0.001307        0.001310        0.2778      %
683      0.001303        0.001318        1.1415      %
684      0.001306        0.001330        1.7844      %
685      0.001305        0.001285        1.5483      %
686      0.001306        0.001297        0.6899      %
687      0.001308        0.001289        1.4963      %
688      0.001311        0.001283        2.1640      %
689      0.001312        0.001306        0.4506      %
690      0.001314        0.001337        1.7394      %
691      0.001318        0.001286        2.3918      %
692      0.001317        0.001345        2.0578      %
693      0.001320        0.001265        4.1721      %
694      0.001318        0.001343        1.8894      %
695      0.001321        0.001365        3.3052      %
696      0.001321        0.001285        2.7596      %
697      0.001324        0.001362        2.9180      %
698      0.001329        0.004650        249.8186    %
699      0.009724        0.009913        1.9460      %
700      0.010215        0.010565        3.4271      %
701      0.010478        0.010673        1.8668      %
702      0.010548        0.010671        1.1706      %
703      0.010634        0.010592        0.3972      %
704      0.010619        0.010665        0.4342      %
705      0.010658        0.010551        1.0030      %
706      0.010572        0.010529        0.4116      %
707      0.010413        0.010440        0.2571      %
708      0.010311        0.010381        0.6791      %
709      0.010151        0.010310        1.5637      %
710      0.010127        0.010354        2.2438      %
711      0.010334        0.010436        0.9902      %
712      0.010470        0.010604        1.2809      %
713      0.010511        0.010517        0.0572      %
714      0.010420        0.010449        0.2748      %
715      0.010363        0.010420        0.5502      %

第 13 次预测 (起始索引 12) | 窗口 MAPE: 7.0138%
------------------------------------------------------------
点位索引     真实值             预测值             单点 MAPE     
------------------------------------------------------------
670      0.010396        0.010387        0.0859      %
671      0.010304        0.010401        0.9384      %
672      0.009318        0.008950        3.9501      %
673      0.001286        0.001282        0.3314      %
674      0.001324        0.001282        3.1918      %
675      0.001288        0.001341        4.1447      %
676      0.001295        0.001362        5.1288      %
677      0.001289        0.001270        1.4464      %
678      0.001307        0.001279        2.1759      %
679      0.001302        0.001261        3.1848      %
680      0.001302        0.001352        3.9053      %
681      0.001308        0.001303        0.4075      %
682      0.001307        0.001304        0.1945      %
683      0.001303        0.001305        0.1625      %
684      0.001306        0.001320        1.0716      %
685      0.001305        0.001333        2.1860      %
686      0.001306        0.001283        1.8099      %
687      0.001308        0.001299        0.7026      %
688      0.001311        0.001290        1.6278      %
689      0.001312        0.001285        2.0328      %
690      0.001314        0.001308        0.4344      %
691      0.001318        0.001338        1.5775      %
692      0.001317        0.001286        2.3563      %
693      0.001320        0.001346        1.9722      %
694      0.001318        0.001267        3.9091      %
695      0.001321        0.001346        1.8881      %
696      0.001321        0.001368        3.5148      %
697      0.001324        0.001287        2.7746      %
698      0.001329        0.004697        253.3730    %
699      0.009724        0.009912        1.9327      %
700      0.010215        0.010555        3.3302      %
701      0.010478        0.010640        1.5517      %
702      0.010548        0.010729        1.7221      %
703      0.010634        0.010659        0.2368      %
704      0.010619        0.010585        0.3198      %
705      0.010658        0.010575        0.7748      %
706      0.010572        0.010493        0.7476      %
707      0.010413        0.010445        0.3051      %
708      0.010311        0.010401        0.8686      %
709      0.010151        0.010300        1.4653      %
710      0.010127        0.010367        2.3697      %
711      0.010334        0.010426        0.8937      %
712      0.010470        0.010566        0.9220      %
713      0.010511        0.010555        0.4190      %
714      0.010420        0.010454        0.3284      %
715      0.010363        0.010354        0.0826      %
716      0.010343        0.010436        0.9000      %

第 14 次预测 (起始索引 13) | 窗口 MAPE: 6.8956%
------------------------------------------------------------
点位索引     真实值             预测值             单点 MAPE     
------------------------------------------------------------
671      0.010304        0.010382        0.7598      %
672      0.009318        0.008974        3.6843      %
673      0.001286        0.001290        0.3053      %
674      0.001324        0.001289        2.6505      %
675      0.001288        0.001289        0.0596      %
676      0.001295        0.001350        4.1944      %
677      0.001289        0.001367        6.0139      %
678      0.001307        0.001268        3.0159      %
679      0.001302        0.001285        1.3353      %
680      0.001302        0.001262        3.0148      %
681      0.001308        0.001354        3.5073      %
682      0.001307        0.001311        0.3264      %
683      0.001303        0.001300        0.2479      %
684      0.001306        0.001307        0.0752      %
685      0.001305        0.001322        1.3138      %
686      0.001306        0.001334        2.1396      %
687      0.001308        0.001282        1.9836      %
688      0.001311        0.001301        0.8065      %
689      0.001312        0.001291        1.5745      %
690      0.001314        0.001288        1.9653      %
691      0.001318        0.001308        0.7082      %
692      0.001317        0.001341        1.7698      %
693      0.001320        0.001287        2.4792      %
694      0.001318        0.001347        2.1820      %
695      0.001321        0.001269        3.9122      %
696      0.001321        0.001350        2.1448      %
697      0.001324        0.001370        3.5167      %
698      0.001329        0.004620        247.5468    %
699      0.009724        0.009962        2.4422      %
700      0.010215        0.010555        3.3344      %
701      0.010478        0.010632        1.4671      %
702      0.010548        0.010693        1.3800      %
703      0.010634        0.010719        0.8044      %
704      0.010619        0.010650        0.2982      %
705      0.010658        0.010496        1.5203      %
706      0.010572        0.010519        0.5094      %
707      0.010413        0.010409        0.0440      %
708      0.010311        0.010405        0.9080      %
709      0.010151        0.010320        1.6621      %
710      0.010127        0.010355        2.2501      %
711      0.010334        0.010439        1.0209      %
712      0.010470        0.010555        0.8167      %
713      0.010511        0.010518        0.0613      %
714      0.010420        0.010492        0.6954      %
715      0.010363        0.010360        0.0306      %
716      0.010343        0.010369        0.2432      %
717      0.010282        0.010423        1.3734      %

第 15 次预测 (起始索引 14) | 窗口 MAPE: 6.9832%
------------------------------------------------------------
点位索引     真实值             预测值             单点 MAPE     
------------------------------------------------------------
672      0.009318        0.008957        3.8706      %
673      0.001286        0.001316        2.3108      %
674      0.001324        0.001296        2.1142      %
675      0.001288        0.001298        0.7955      %
676      0.001295        0.001296        0.0656      %
677      0.001289        0.001353        4.9320      %
678      0.001307        0.001366        4.5129      %
679      0.001302        0.001273        2.2129      %
680      0.001302        0.001288        1.0138      %
681      0.001308        0.001262        3.5506      %
682      0.001307        0.001363        4.3079      %
683      0.001303        0.001307        0.3047      %
684      0.001306        0.001303        0.2615      %
685      0.001305        0.001309        0.2906      %
686      0.001306        0.001321        1.0946      %
687      0.001308        0.001337        2.2054      %
688      0.001311        0.001282        2.2551      %
689      0.001312        0.001302        0.7249      %
690      0.001314        0.001293        1.5897      %
691      0.001318        0.001289        2.2007      %
692      0.001317        0.001309        0.6407      %
693      0.001320        0.001344        1.8181      %
694      0.001318        0.001288        2.3157      %
695      0.001321        0.001349        2.0910      %
696      0.001321        0.001273        3.6664      %
697      0.001324        0.001352        2.1717      %
698      0.001329        0.004704        253.8668    %
699      0.009724        0.009882        1.6193      %
700      0.010215        0.010608        3.8462      %
701      0.010478        0.010634        1.4900      %
702      0.010548        0.010686        1.3090      %
703      0.010634        0.010680        0.4293      %
704      0.010619        0.010713        0.8942      %
705      0.010658        0.010559        0.9246      %
706      0.010572        0.010440        1.2542      %
707      0.010413        0.010435        0.2077      %
708      0.010311        0.010368        0.5464      %
709      0.010151        0.010323        1.6938      %
710      0.010127        0.010376        2.4532      %
711      0.010334        0.010425        0.8821      %
712      0.010470        0.010569        0.9454      %
713      0.010511        0.010505        0.0556      %
714      0.010420        0.010455        0.3333      %
715      0.010363        0.010399        0.3441      %
716      0.010343        0.010374        0.2933      %
717      0.010282        0.010352        0.6860      %
718      0.010247        0.010331        0.8197      %

第 16 次预测 (起始索引 15) | 窗口 MAPE: 6.7917%
------------------------------------------------------------
点位索引     真实值             预测值             单点 MAPE     
------------------------------------------------------------
673      0.001286        0.001299        1.0112      %
674      0.001324        0.001323        0.0681      %
675      0.001288        0.001304        1.2365      %
676      0.001295        0.001308        1.0145      %
677      0.001289        0.001298        0.6988      %
678      0.001307        0.001350        3.2822      %
679      0.001302        0.001374        5.5356      %
680      0.001302        0.001276        1.9386      %
681      0.001308        0.001290        1.3950      %
682      0.001307        0.001268        2.9523      %
683      0.001303        0.001360        4.3810      %
684      0.001306        0.001310        0.2981      %
685      0.001305        0.001305        0.0298      %
686      0.001306        0.001307        0.0448      %
687      0.001308        0.001321        0.9798      %
688      0.001311        0.001340        2.1957      %
689      0.001312        0.001281        2.3447      %
690      0.001314        0.001305        0.7172      %
691      0.001318        0.001292        1.9193      %
692      0.001317        0.001290        2.1134      %
693      0.001320        0.001310        0.7182      %
694      0.001318        0.001347        2.1800      %
695      0.001321        0.001289        2.4340      %
696      0.001321        0.001351        2.2428      %
697      0.001324        0.001275        3.6370      %
698      0.001329        0.004686        252.5183    %
699      0.009724        0.009967        2.4936      %
700      0.010215        0.010525        3.0342      %
701      0.010478        0.010689        2.0165      %
702      0.010548        0.010690        1.3517      %
703      0.010634        0.010674        0.3758      %
704      0.010619        0.010669        0.4777      %
705      0.010658        0.010626        0.2970      %
706      0.010572        0.010501        0.6754      %
707      0.010413        0.010357        0.5409      %
708      0.010311        0.010395        0.8144      %
709      0.010151        0.010285        1.3184      %
710      0.010127        0.010378        2.4790      %
711      0.010334        0.010447        1.0908      %
712      0.010470        0.010552        0.7871      %
713      0.010511        0.010519        0.0772      %
714      0.010420        0.010441        0.2021      %
715      0.010363        0.010361        0.0215      %
716      0.010343        0.010413        0.6779      %
717      0.010282        0.010357        0.7372      %
718      0.010247        0.010258        0.1015      %
719      0.009184        0.009345        1.7529      %

第 17 次预测 (起始索引 16) | 窗口 MAPE: 6.7382%
------------------------------------------------------------
点位索引     真实值             预测值             单点 MAPE     
------------------------------------------------------------
674      0.001324        0.001305        1.4414      %
675      0.001288        0.001332        3.3971      %
676      0.001295        0.001313        1.3558      %
677      0.001289        0.001313        1.8569      %
678      0.001307        0.001295        0.9775      %
679      0.001302        0.001355        4.0788      %
680      0.001302        0.001379        5.9072      %
681      0.001308        0.001277        2.3338      %
682      0.001307        0.001297        0.7464      %
683      0.001303        0.001264        3.0162      %
684      0.001306        0.001363        4.3440      %
685      0.001305        0.001312        0.5772      %
686      0.001306        0.001304        0.1873      %
687      0.001308        0.001308        0.0567      %
688      0.001311        0.001322        0.8246      %
689      0.001312        0.001343        2.4094      %
690      0.001314        0.001282        2.4592      %
691      0.001318        0.001304        1.0525      %
692      0.001317        0.001291        1.9921      %
693      0.001320        0.001291        2.1699      %
694      0.001318        0.001312        0.5069      %
695      0.001321        0.001350        2.2247      %
696      0.001321        0.001291        2.2668      %
697      0.001324        0.001352        2.1407      %
698      0.001329        0.004609        246.7560    %
699      0.009724        0.009948        2.2995      %
700      0.010215        0.010610        3.8652      %
701      0.010478        0.010604        1.2021      %
702      0.010548        0.010746        1.8775      %
703      0.010634        0.010680        0.4316      %
704      0.010619        0.010667        0.4529      %
705      0.010658        0.010579        0.7429      %
706      0.010572        0.010572        0.0073      %
707      0.010413        0.010417        0.0398      %
708      0.010311        0.010318        0.0672      %
709      0.010151        0.010316        1.6244      %
710      0.010127        0.010341        2.1102      %
711      0.010334        0.010450        1.1220      %
712      0.010470        0.010577        1.0268      %
713      0.010511        0.010502        0.0903      %
714      0.010420        0.010457        0.3582      %
715      0.010363        0.010346        0.1599      %
716      0.010343        0.010377        0.3215      %
717      0.010282        0.010398        1.1357      %
718      0.010247        0.010266        0.1787      %
719      0.009184        0.009270        0.9365      %
720      0.001294        0.001314        1.5661      %

第 18 次预测 (起始索引 17) | 窗口 MAPE: 6.9617%
------------------------------------------------------------
点位索引     真实值             预测值             单点 MAPE     
------------------------------------------------------------
675      0.001288        0.001310        1.7391      %
676      0.001295        0.001340        3.4344      %
677      0.001289        0.001316        2.1169      %
678      0.001307        0.001311        0.2504      %
679      0.001302        0.001299        0.2267      %
680      0.001302        0.001357        4.2557      %
681      0.001308        0.001379        5.4364      %
682      0.001307        0.001286        1.5776      %
683      0.001303        0.001290        0.9963      %
684      0.001306        0.001268        2.9531      %
685      0.001305        0.001363        4.4753      %
686      0.001306        0.001312        0.4528      %
687      0.001308        0.001303        0.3711      %
688      0.001311        0.001309        0.1548      %
689      0.001312        0.001324        0.9193      %
690      0.001314        0.001348        2.5541      %
691      0.001318        0.001281        2.7724      %
692      0.001317        0.001303        1.0971      %
693      0.001320        0.001290        2.2563      %
694      0.001318        0.001293        1.9225      %
695      0.001321        0.001313        0.6079      %
696      0.001321        0.001353        2.4331      %
697      0.001324        0.001293        2.3014      %
698      0.001329        0.004684        252.3523    %
699      0.009724        0.009872        1.5239      %
700      0.010215        0.010590        3.6735      %
701      0.010478        0.010686        1.9897      %
702      0.010548        0.010660        1.0691      %
703      0.010634        0.010733        0.9291      %
704      0.010619        0.010673        0.5098      %
705      0.010658        0.010579        0.7372      %
706      0.010572        0.010523        0.4676      %
707      0.010413        0.010489        0.7316      %
708      0.010311        0.010380        0.6660      %
709      0.010151        0.010239        0.8674      %
710      0.010127        0.010376        2.4573      %
711      0.010334        0.010414        0.7748      %
712      0.010470        0.010581        1.0625      %
713      0.010511        0.010532        0.1987      %
714      0.010420        0.010439        0.1841      %
715      0.010363        0.010366        0.0315      %
716      0.010343        0.010362        0.1786      %
717      0.010282        0.010364        0.7989      %
718      0.010247        0.010306        0.5733      %
719      0.009184        0.009282        1.0625      %
720      0.001294        0.001240        4.1567      %
721      0.001290        0.001353        4.9011      %

第 19 次预测 (起始索引 18) | 窗口 MAPE: 6.7452%
------------------------------------------------------------
点位索引     真实值             预测值             单点 MAPE     
------------------------------------------------------------
676      0.001295        0.001315        1.4896      %
677      0.001289        0.001341        4.0564      %
678      0.001307        0.001314        0.4947      %
679      0.001302        0.001314        0.9257      %
680      0.001302        0.001302        0.0081      %
681      0.001308        0.001356        3.6493      %
682      0.001307        0.001386        6.0729      %
683      0.001303        0.001283        1.5861      %
684      0.001306        0.001289        1.3151      %
685      0.001305        0.001272        2.5354      %
686      0.001306        0.001359        4.0405      %
687      0.001308        0.001315        0.5431      %
688      0.001311        0.001302        0.6786      %
689      0.001312        0.001312        0.0303      %
690      0.001314        0.001327        0.9843      %
691      0.001318        0.001349        2.3573      %
692      0.001317        0.001283        2.6409      %
693      0.001320        0.001302        1.3026      %
694      0.001318        0.001289        2.2133      %
695      0.001321        0.001295        1.9461      %
696      0.001321        0.001315        0.4894      %
697      0.001324        0.001354        2.2919      %
698      0.001329        0.004626        248.0062    %
699      0.009724        0.009944        2.2635      %
700      0.010215        0.010517        2.9550      %
701      0.010478        0.010667        1.8031      %
702      0.010548        0.010739        1.8161      %
703      0.010634        0.010650        0.1534      %
704      0.010619        0.010720        0.9586      %
705      0.010658        0.010584        0.6926      %
706      0.010572        0.010526        0.4375      %
707      0.010413        0.010442        0.2813      %
708      0.010311        0.010450        1.3480      %
709      0.010151        0.010303        1.4975      %
710      0.010127        0.010299        1.6952      %
711      0.010334        0.010453        1.1523      %
712      0.010470        0.010546        0.7311      %
713      0.010511        0.010536        0.2335      %
714      0.010420        0.010475        0.5294      %
715      0.010363        0.010348        0.1467      %
716      0.010343        0.010385        0.4053      %
717      0.010282        0.010349        0.6541      %
718      0.010247        0.010274        0.2616      %
719      0.009184        0.009320        1.4781      %
720      0.001294        0.001255        3.0424      %
721      0.001290        0.001283        0.5657      %
722      0.001288        0.001317        2.2624      %

第 20 次预测 (起始索引 19) | 窗口 MAPE: 6.7685%
------------------------------------------------------------
点位索引     真实值             预测值             单点 MAPE     
------------------------------------------------------------
677      0.001289        0.001312        1.8062      %
678      0.001307        0.001337        2.2458      %
679      0.001302        0.001319        1.2574      %
680      0.001302        0.001314        0.9327      %
681      0.001308        0.001302        0.4426      %
682      0.001307        0.001361        4.1948      %
683      0.001303        0.001380        5.9149      %
684      0.001306        0.001286        1.5829      %
685      0.001305        0.001287        1.3690      %
686      0.001306        0.001273        2.5340      %
687      0.001308        0.001356        3.6787      %
688      0.001311        0.001320        0.6700      %
689      0.001312        0.001301        0.7853      %
690      0.001314        0.001317        0.2100      %
691      0.001318        0.001328        0.7584      %
692      0.001317        0.001350        2.4440      %
693      0.001320        0.001286        2.5531      %
694      0.001318        0.001303        1.1882      %
695      0.001321        0.001289        2.4032      %
696      0.001321        0.001299        1.7164      %
697      0.001324        0.001315        0.6166      %
698      0.001329        0.004684        252.3735    %
699      0.009724        0.009888        1.6802      %
700      0.010215        0.010586        3.6337      %
701      0.010478        0.010596        1.1275      %
702      0.010548        0.010721        1.6400      %
703      0.010634        0.010725        0.8556      %
704      0.010619        0.010643        0.2276      %
705      0.010658        0.010625        0.3122      %
706      0.010572        0.010529        0.4147      %
707      0.010413        0.010447        0.3266      %
708      0.010311        0.010408        0.9351      %
709      0.010151        0.010369        2.1468      %
710      0.010127        0.010365        2.3485      %
711      0.010334        0.010375        0.4005      %
712      0.010470        0.010588        1.1321      %
713      0.010511        0.010502        0.0921      %
714      0.010420        0.010478        0.5562      %
715      0.010363        0.010389        0.2492      %
716      0.010343        0.010367        0.2244      %
717      0.010282        0.010375        0.9068      %
718      0.010247        0.010260        0.1189      %
719      0.009184        0.009291        1.1571      %
720      0.001294        0.001290        0.3412      %
721      0.001290        0.001298        0.6338      %
722      0.001288        0.001252        2.7716      %
723      0.001296        0.001325        2.2111      %

第 21 次预测 (起始索引 20) | 窗口 MAPE: 6.7814%
------------------------------------------------------------
点位索引     真实值             预测值             单点 MAPE     
------------------------------------------------------------
678      0.001307        0.001304        0.2394      %
679      0.001302        0.001340        2.8841      %
680      0.001302        0.001320        1.4367      %
681      0.001308        0.001310        0.1605      %
682      0.001307        0.001310        0.2820      %
683      0.001303        0.001355        3.9959      %
684      0.001306        0.001381        5.7266      %
685      0.001305        0.001288        1.3021      %
686      0.001306        0.001282        1.8623      %
687      0.001308        0.001277        2.4081      %
688      0.001311        0.001354        3.2587      %
689      0.001312        0.001326        1.0867      %
690      0.001314        0.001302        0.9098      %
691      0.001318        0.001319        0.1091      %
692      0.001317        0.001329        0.8620      %
693      0.001320        0.001350        2.3155      %
694      0.001318        0.001291        2.0967      %
695      0.001321        0.001304        1.3144      %
696      0.001321        0.001291        2.2937      %
697      0.001324        0.001301        1.7098      %
698      0.001329        0.004647        249.5856    %
699      0.009724        0.009942        2.2407      %
700      0.010215        0.010530        3.0886      %
701      0.010478        0.010663        1.7654      %
702      0.010548        0.010653        0.9959      %
703      0.010634        0.010708        0.6989      %
704      0.010619        0.010713        0.8941      %
705      0.010658        0.010553        0.9846      %
706      0.010572        0.010561        0.1058      %
707      0.010413        0.010447        0.3211      %
708      0.010311        0.010413        0.9859      %
709      0.010151        0.010332        1.7844      %
710      0.010127        0.010425        2.9392      %
711      0.010334        0.010443        1.0567      %
712      0.010470        0.010510        0.3860      %
713      0.010511        0.010545        0.3239      %
714      0.010420        0.010444        0.2263      %
715      0.010363        0.010390        0.2600      %
716      0.010343        0.010412        0.6618      %
717      0.010282        0.010356        0.7234      %
718      0.010247        0.010286        0.3806      %
719      0.009184        0.009276        1.0032      %
720      0.001294        0.001262        2.4792      %
721      0.001290        0.001330        3.0828      %
722      0.001288        0.001267        1.6290      %
723      0.001296        0.001267        2.2533      %
724      0.001296        0.001317        1.6162      %

第 22 次预测 (起始索引 21) | 窗口 MAPE: 6.7798%
------------------------------------------------------------
点位索引     真实值             预测值             单点 MAPE     
------------------------------------------------------------
679      0.001302        0.001304        0.1511      %
680      0.001302        0.001340        2.9829      %
681      0.001308        0.001319        0.8799      %
682      0.001307        0.001314        0.5465      %
683      0.001303        0.001307        0.2784      %
684      0.001306        0.001356        3.8200      %
685      0.001305        0.001381        5.8494      %
686      0.001306        0.001287        1.4910      %
687      0.001308        0.001280        2.2004      %
688      0.001311        0.001280        2.3579      %
689      0.001312        0.001352        3.1025      %
690      0.001314        0.001333        1.4838      %
691      0.001318        0.001301        1.2685      %
692      0.001317        0.001322        0.3320      %
693      0.001320        0.001330        0.7938      %
694      0.001318        0.001351        2.4504      %
695      0.001321        0.001296        1.8817      %
696      0.001321        0.001306        1.1486      %
697      0.001324        0.001292        2.3666      %
698      0.001329        0.004634        248.6292    %
699      0.009724        0.009907        1.8846      %
700      0.010215        0.010581        3.5858      %
701      0.010478        0.010608        1.2440      %
702      0.010548        0.010717        1.6080      %
703      0.010634        0.010643        0.0869      %
704      0.010619        0.010699        0.7616      %
705      0.010658        0.010620        0.3522      %
706      0.010572        0.010496        0.7258      %
707      0.010413        0.010472        0.5622      %
708      0.010311        0.010409        0.9491      %
709      0.010151        0.010337        1.8336      %
710      0.010127        0.010394        2.6360      %
711      0.010334        0.010496        1.5711      %
712      0.010470        0.010579        1.0418      %
713      0.010511        0.010467        0.4215      %
714      0.010420        0.010488        0.6504      %
715      0.010363        0.010355        0.0762      %
716      0.010343        0.010411        0.6502      %
717      0.010282        0.010405        1.1959      %
718      0.010247        0.010268        0.1971      %
719      0.009184        0.009302        1.2854      %
720      0.001294        0.001248        3.5297      %
721      0.001290        0.001303        1.0196      %
722      0.001288        0.001296        0.5924      %
723      0.001296        0.001279        1.2768      %
724      0.001296        0.001267        2.2759      %
725      0.001300        0.001335        2.6208      %

第 23 次预测 (起始索引 22) | 窗口 MAPE: 6.5898%
------------------------------------------------------------
点位索引     真实值             预测值             单点 MAPE     
------------------------------------------------------------
680      0.001302        0.001302        0.0380      %
681      0.001308        0.001339        2.3916      %
682      0.001307        0.001326        1.4868      %
683      0.001303        0.001307        0.2418      %
684      0.001306        0.001310        0.3136      %
685      0.001305        0.001357        3.9792      %
686      0.001306        0.001378        5.5064      %
687      0.001308        0.001288        1.5789      %
688      0.001311        0.001278        2.5512      %
689      0.001312        0.001284        2.1219      %
690      0.001314        0.001353        2.9530      %
691      0.001318        0.001338        1.5738      %
692      0.001317        0.001301        1.2285      %
693      0.001320        0.001324        0.3694      %
694      0.001318        0.001332        1.0101      %
695      0.001321        0.001351        2.2706      %
696      0.001321        0.001302        1.4164      %
697      0.001324        0.001308        1.1735      %
698      0.001329        0.004625        247.9211    %
699      0.009724        0.009896        1.7697      %
700      0.010215        0.010550        3.2759      %
701      0.010478        0.010656        1.6967      %
702      0.010548        0.010664        1.1003      %
703      0.010634        0.010706        0.6745      %
704      0.010619        0.010637        0.1744      %
705      0.010658        0.010609        0.4566      %
706      0.010572        0.010560        0.1140      %
707      0.010413        0.010412        0.0146      %
708      0.010311        0.010428        1.1302      %
709      0.010151        0.010330        1.7656      %
710      0.010127        0.010398        2.6788      %
711      0.010334        0.010471        1.3267      %
712      0.010470        0.010626        1.4896      %
713      0.010511        0.010536        0.2316      %
714      0.010420        0.010409        0.1019      %
715      0.010363        0.010399        0.3439      %
716      0.010343        0.010375        0.3076      %
717      0.010282        0.010401        1.1577      %
718      0.010247        0.010319        0.6964      %
719      0.009184        0.009284        1.0845      %
720      0.001294        0.001272        1.7095      %
721      0.001290        0.001290        0.0043      %
722      0.001288        0.001269        1.4483      %
723      0.001296        0.001306        0.7503      %
724      0.001296        0.001277        1.5090      %
725      0.001300        0.001291        0.7198      %
726      0.001304        0.001328        1.8612      %

第 24 次预测 (起始索引 23) | 窗口 MAPE: 6.7276%
------------------------------------------------------------
点位索引     真实值             预测值             单点 MAPE     
------------------------------------------------------------
681      0.001308        0.001298        0.7258      %
682      0.001307        0.001346        3.0217      %
683      0.001303        0.001321        1.3696      %
684      0.001306        0.001307        0.0563      %
685      0.001305        0.001313        0.6537      %
686      0.001306        0.001354        3.6906      %
687      0.001308        0.001377        5.2853      %
688      0.001311        0.001289        1.7413      %
689      0.001312        0.001277        2.6365      %
690      0.001314        0.001288        1.9627      %
691      0.001318        0.001352        2.5744      %
692      0.001317        0.001343        1.9583      %
693      0.001320        0.001303        1.2809      %
694      0.001318        0.001327        0.6681      %
695      0.001321        0.001333        0.9232      %
696      0.001321        0.001352        2.3393      %
697      0.001324        0.001308        1.2018      %
698      0.001329        0.004641        249.1567    %
699      0.009724        0.009886        1.6673      %
700      0.010215        0.010540        3.1779      %
701      0.010478        0.010627        1.4241      %
702      0.010548        0.010709        1.5248      %
703      0.010634        0.010653        0.1809      %
704      0.010619        0.010698        0.7445      %
705      0.010658        0.010549        1.0180      %
706      0.010572        0.010552        0.1917      %
707      0.010413        0.010474        0.5868      %
708      0.010311        0.010372        0.5902      %
709      0.010151        0.010344        1.9019      %
710      0.010127        0.010389        2.5835      %
711      0.010334        0.010475        1.3610      %
712      0.010470        0.010605        1.2886      %
713      0.010511        0.010577        0.6284      %
714      0.010420        0.010477        0.5492      %
715      0.010363        0.010320        0.4111      %
716      0.010343        0.010417        0.7148      %
717      0.010282        0.010365        0.8079      %
718      0.010247        0.010312        0.6304      %
719      0.009184        0.009337        1.6624      %
720      0.001294        0.001254        3.0794      %
721      0.001290        0.001310        1.5602      %
722      0.001288        0.001256        2.4644      %
723      0.001296        0.001279        1.2965      %
724      0.001296        0.001301        0.3889      %
725      0.001300        0.001298        0.1694      %
726      0.001304        0.001290        1.0066      %
727      0.001308        0.001325        1.3404      %

第 25 次预测 (起始索引 24) | 窗口 MAPE: 6.6740%
------------------------------------------------------------
点位索引     真实值             预测值             单点 MAPE     
------------------------------------------------------------
682      0.001307        0.001303        0.2667      %
683      0.001303        0.001342        2.9701      %
684      0.001306        0.001323        1.3074      %
685      0.001305        0.001309        0.2772      %
686      0.001306        0.001313        0.5213      %
687      0.001308        0.001354        3.5243      %
688      0.001311        0.001377        5.0137      %
689      0.001312        0.001289        1.6968      %
690      0.001314        0.001278        2.7098      %
691      0.001318        0.001290        2.1270      %
692      0.001317        0.001352        2.6056      %
693      0.001320        0.001347        2.1142      %
694      0.001318        0.001305        0.9922      %
695      0.001321        0.001329        0.6383      %
696      0.001321        0.001335        1.0759      %
697      0.001324        0.001352        2.1826      %
698      0.001329        0.004643        249.3011    %
699      0.009724        0.009903        1.8428      %
700      0.010215        0.010529        3.0759      %
701      0.010478        0.010618        1.3351      %
702      0.010548        0.010683        1.2816      %
703      0.010634        0.010696        0.5854      %
704      0.010619        0.010646        0.2597      %
705      0.010658        0.010608        0.4675      %
706      0.010572        0.010495        0.7362      %
707      0.010413        0.010469        0.5328      %
708      0.010311        0.010433        1.1841      %
709      0.010151        0.010291        1.3834      %
710      0.010127        0.010399        2.6897      %
711      0.010334        0.010463        1.2459      %
712      0.010470        0.010608        1.3157      %
713      0.010511        0.010559        0.4537      %
714      0.010420        0.010515        0.9143      %
715      0.010363        0.010387        0.2294      %
716      0.010343        0.010339        0.0389      %
717      0.010282        0.010405        1.1997      %
718      0.010247        0.010276        0.2751      %
719      0.009184        0.009328        1.5599      %
720      0.001294        0.001309        1.1281      %
721      0.001290        0.001293        0.2708      %
722      0.001288        0.001273        1.2007      %
723      0.001296        0.001266        2.3210      %
724      0.001296        0.001274        1.7045      %
725      0.001300        0.001322        1.6422      %
726      0.001304        0.001295        0.6465      %
727      0.001308        0.001293        1.1544      %
728      0.001308        0.001330        1.6798      %

第 26 次预测 (起始索引 25) | 窗口 MAPE: 6.7837%
------------------------------------------------------------
点位索引     真实值             预测值             单点 MAPE     
------------------------------------------------------------
683      0.001303        0.001297        0.4780      %
684      0.001306        0.001345        2.9965      %
685      0.001305        0.001326        1.5863      %
686      0.001306        0.001308        0.1320      %
687      0.001308        0.001315        0.4730      %
688      0.001311        0.001355        3.2977      %
689      0.001312        0.001377        4.9944      %
690      0.001314        0.001292        1.6971      %
691      0.001318        0.001278        3.0173      %
692      0.001317        0.001291        1.9935      %
693      0.001320        0.001353        2.5348      %
694      0.001318        0.001351        2.4916      %
695      0.001321        0.001308        0.9605      %
696      0.001321        0.001332        0.8219      %
697      0.001324        0.001337        0.9900      %
698      0.001329        0.004684        252.3646    %
699      0.009724        0.009907        1.8777      %
700      0.010215        0.010547        3.2491      %
701      0.010478        0.010607        1.2316      %
702      0.010548        0.010674        1.1949      %
703      0.010634        0.010673        0.3678      %
704      0.010619        0.010688        0.6565      %
705      0.010658        0.010558        0.9416      %
706      0.010572        0.010551        0.1983      %
707      0.010413        0.010413        0.0010      %
708      0.010311        0.010430        1.1491      %
709      0.010151        0.010352        1.9793      %
710      0.010127        0.010349        2.1868      %
711      0.010334        0.010472        1.3362      %
712      0.010470        0.010594        1.1862      %
713      0.010511        0.010561        0.4763      %
714      0.010420        0.010498        0.7491      %
715      0.010363        0.010423        0.5773      %
716      0.010343        0.010404        0.5839      %
717      0.010282        0.010327        0.4449      %
718      0.010247        0.010314        0.6493      %
719      0.009184        0.009291        1.1598      %
720      0.001294        0.001297        0.2260      %
721      0.001290        0.001349        4.5632      %
722      0.001288        0.001257        2.3860      %
723      0.001296        0.001278        1.3757      %
724      0.001296        0.001261        2.7646      %
725      0.001300        0.001294        0.5076      %
726      0.001304        0.001318        1.1209      %
727      0.001308        0.001296        0.9420      %
728      0.001308        0.001301        0.5616      %
729      0.001310        0.001327        1.3617      %

第 27 次预测 (起始索引 26) | 窗口 MAPE: 6.8188%
------------------------------------------------------------
点位索引     真实值             预测值             单点 MAPE     
------------------------------------------------------------
684      0.001306        0.001299        0.5819      %
685      0.001305        0.001349        3.3904      %
686      0.001306        0.001325        1.4291      %
687      0.001308        0.001311        0.1667      %
688      0.001311        0.001316        0.3232      %
689      0.001312        0.001355        3.3038      %
690      0.001314        0.001379        4.9529      %
691      0.001318        0.001292        1.9819      %
692      0.001317        0.001279        2.9478      %
693      0.001320        0.001293        2.0410      %
694      0.001318        0.001356        2.8147      %
695      0.001321        0.001354        2.4906      %
696      0.001321        0.001312        0.6727      %
697      0.001324        0.001333        0.7441      %
698      0.001329        0.004669        251.2267    %
699      0.009724        0.009944        2.2641      %
700      0.010215        0.010551        3.2900      %
701      0.010478        0.010625        1.4063      %
702      0.010548        0.010662        1.0882      %
703      0.010634        0.010664        0.2789      %
704      0.010619        0.010667        0.4578      %
705      0.010658        0.010600        0.5475      %
706      0.010572        0.010502        0.6681      %
707      0.010413        0.010468        0.5285      %
708      0.010311        0.010376        0.6264      %
709      0.010151        0.010349        1.9567      %
710      0.010127        0.010409        2.7824      %
711      0.010334        0.010422        0.8485      %
712      0.010470        0.010603        1.2755      %
713      0.010511        0.010547        0.3367      %
714      0.010420        0.010500        0.7703      %
715      0.010363        0.010405        0.4089      %
716      0.010343        0.010439        0.9288      %
717      0.010282        0.010390        1.0498      %
718      0.010247        0.010237        0.1042      %
719      0.009184        0.009327        1.5577      %
720      0.001294        0.001260        2.6352      %
721      0.001290        0.001335        3.5250      %
722      0.001288        0.001313        1.9595      %
723      0.001296        0.001264        2.4362      %
724      0.001296        0.001269        2.1157      %
725      0.001300        0.001279        1.6161      %
726      0.001304        0.001289        1.0916      %
727      0.001308        0.001319        0.8114      %
728      0.001308        0.001302        0.4483      %
729      0.001310        0.001300        0.7326      %
730      0.001312        0.001323        0.8684      %

第 28 次预测 (起始索引 27) | 窗口 MAPE: 6.7073%
------------------------------------------------------------
点位索引     真实值             预测值             单点 MAPE     
------------------------------------------------------------
685      0.001305        0.001301        0.3177      %
686      0.001306        0.001350        3.3569      %
687      0.001308        0.001327        1.3929      %
688      0.001311        0.001314        0.1764      %
689      0.001312        0.001316        0.3569      %
690      0.001314        0.001357        3.2734      %
691      0.001318        0.001379        4.6491      %
692      0.001317        0.001292        1.9282      %
693      0.001320        0.001280        2.9868      %
694      0.001318        0.001294        1.8212      %
695      0.001321        0.001358        2.8331      %
696      0.001321        0.001356        2.6628      %
697      0.001324        0.001315        0.6197      %
698      0.001329        0.004665        250.9707    %
699      0.009724        0.009930        2.1129      %
700      0.010215        0.010586        3.6365      %
701      0.010478        0.010630        1.4486      %
702      0.010548        0.010681        1.2670      %
703      0.010634        0.010652        0.1698      %
704      0.010619        0.010657        0.3618      %
705      0.010658        0.010580        0.7307      %
706      0.010572        0.010544        0.2665      %
707      0.010413        0.010419        0.0589      %
708      0.010311        0.010429        1.1455      %
709      0.010151        0.010297        1.4392      %
710      0.010127        0.010407        2.7655      %
711      0.010334        0.010482        1.4356      %
712      0.010470        0.010553        0.7902      %
713      0.010511        0.010557        0.4364      %
714      0.010420        0.010485        0.6234      %
715      0.010363        0.010408        0.4313      %
716      0.010343        0.010421        0.7470      %
717      0.010282        0.010426        1.4065      %
718      0.010247        0.010297        0.4800      %
719      0.009184        0.009251        0.7211      %
720      0.001294        0.001295        0.0720      %
721      0.001290        0.001298        0.6359      %
722      0.001288        0.001299        0.8324      %
723      0.001296        0.001321        1.9123      %
724      0.001296        0.001257        3.0555      %
725      0.001300        0.001284        1.2341      %
726      0.001304        0.001274        2.2574      %
727      0.001308        0.001289        1.4586      %
728      0.001308        0.001325        1.3212      %
729      0.001310        0.001301        0.6729      %
730      0.001312        0.001297        1.1741      %
731      0.001315        0.001326        0.7959      %

第 29 次预测 (起始索引 28) | 窗口 MAPE: 6.9078%
------------------------------------------------------------
点位索引     真实值             预测值             单点 MAPE     
------------------------------------------------------------
686      0.001306        0.001300        0.4633      %
687      0.001308        0.001353        3.4479      %
688      0.001311        0.001328        1.2866      %
689      0.001312        0.001317        0.4231      %
690      0.001314        0.001318        0.3185      %
691      0.001318        0.001357        2.9690      %
692      0.001317        0.001380        4.7294      %
693      0.001320        0.001293        2.0185      %
694      0.001318        0.001283        2.7040      %
695      0.001321        0.001296        1.9058      %
696      0.001321        0.001362        3.1240      %
697      0.001324        0.001357        2.5316      %
698      0.001329        0.004649        249.7464    %
699      0.009724        0.009926        2.0745      %
700      0.010215        0.010572        3.4949      %
701      0.010478        0.010664        1.7739      %
702      0.010548        0.010686        1.3081      %
703      0.010634        0.010671        0.3514      %
704      0.010619        0.010645        0.2501      %
705      0.010658        0.010569        0.8367      %
706      0.010572        0.010526        0.4402      %
707      0.010413        0.010463        0.4747      %
708      0.010311        0.010381        0.6778      %
709      0.010151        0.010349        1.9521      %
710      0.010127        0.010356        2.2571      %
711      0.010334        0.010480        1.4175      %
712      0.010470        0.010614        1.3772      %
713      0.010511        0.010505        0.0569      %
714      0.010420        0.010497        0.7424      %
715      0.010363        0.010392        0.2813      %
716      0.010343        0.010423        0.7730      %
717      0.010282        0.010405        1.2028      %
718      0.010247        0.010335        0.8585      %
719      0.009184        0.009308        1.3484      %
720      0.001294        0.001218        5.8418      %
721      0.001290        0.001332        3.2613      %
722      0.001288        0.001261        2.0788      %
723      0.001296        0.001306        0.7509      %
724      0.001296        0.001313        1.3092      %
725      0.001300        0.001274        2.0553      %
726      0.001304        0.001276        2.1020      %
727      0.001308        0.001273        2.6809      %
728      0.001308        0.001295        1.0063      %
729      0.001310        0.001324        1.1297      %
730      0.001312        0.001297        1.1287      %
731      0.001315        0.001298        1.2723      %
732      0.001319        0.001324        0.4335      %

第 30 次预测 (起始索引 29) | 窗口 MAPE: 6.8664%
------------------------------------------------------------
点位索引     真实值             预测值             单点 MAPE     
------------------------------------------------------------
687      0.001308        0.001302        0.4732      %
688      0.001311        0.001357        3.4648      %
689      0.001312        0.001330        1.3903      %
690      0.001314        0.001322        0.6282      %
691      0.001318        0.001317        0.0241      %
692      0.001317        0.001357        3.0347      %
693      0.001320        0.001381        4.6725      %
694      0.001318        0.001295        1.8104      %
695      0.001321        0.001286        2.6818      %
696      0.001321        0.001298        1.7628      %
697      0.001324        0.001366        3.1865      %
698      0.001329        0.004688        252.6669    %
699      0.009724        0.009911        1.9242      %
700      0.010215        0.010568        3.4540      %
701      0.010478        0.010649        1.6370      %
702      0.010548        0.010719        1.6257      %
703      0.010634        0.010675        0.3895      %
704      0.010619        0.010665        0.4353      %
705      0.010658        0.010557        0.9493      %
706      0.010572        0.010513        0.5602      %
707      0.010413        0.010445        0.3062      %
708      0.010311        0.010426        1.1075      %
709      0.010151        0.010301        1.4830      %
710      0.010127        0.010406        2.7587      %
711      0.010334        0.010430        0.9264      %
712      0.010470        0.010611        1.3516      %
713      0.010511        0.010568        0.5384      %
714      0.010420        0.010444        0.2313      %
715      0.010363        0.010407        0.4239      %
716      0.010343        0.010408        0.6231      %
717      0.010282        0.010409        1.2342      %
718      0.010247        0.010312        0.6287      %
719      0.009184        0.009350        1.8019      %
720      0.001294        0.001274        1.5477      %
721      0.001290        0.001256        2.6545      %
722      0.001288        0.001294        0.4874      %
723      0.001296        0.001268        2.1601      %
724      0.001296        0.001298        0.1487      %
725      0.001300        0.001330        2.3071      %
726      0.001304        0.001267        2.8144      %
727      0.001308        0.001272        2.7099      %
728      0.001308        0.001278        2.2827      %
729      0.001310        0.001293        1.2443      %
730      0.001312        0.001321        0.7187      %
731      0.001315        0.001299        1.2101      %
732      0.001319        0.001296        1.7188      %
733      0.001319        0.001326        0.5283      %

第 31 次预测 (起始索引 30) | 窗口 MAPE: 6.9732%
------------------------------------------------------------
点位索引     真实值             预测值             单点 MAPE     
------------------------------------------------------------
688      0.001311        0.001304        0.5459      %
689      0.001312        0.001360        3.6881      %
690      0.001314        0.001333        1.4365      %
691      0.001318        0.001325        0.5372      %
692      0.001317        0.001317        0.0318      %
693      0.001320        0.001359        2.9634      %
694      0.001318        0.001384        4.9419      %
695      0.001321        0.001296        1.8830      %
696      0.001321        0.001289        2.4079      %
697      0.001324        0.001299        1.8601      %
698      0.001329        0.004700        253.5645    %
699      0.009724        0.009947        2.2912      %
700      0.010215        0.010554        3.3247      %
701      0.010478        0.010645        1.5924      %
702      0.010548        0.010705        1.4905      %
703      0.010634        0.010709        0.7041      %
704      0.010619        0.010668        0.4702      %
705      0.010658        0.010577        0.7628      %
706      0.010572        0.010501        0.6738      %
707      0.010413        0.010431        0.1693      %
708      0.010311        0.010409        0.9432      %
709      0.010151        0.010347        1.9294      %
710      0.010127        0.010359        2.2938      %
711      0.010334        0.010479        1.4081      %
712      0.010470        0.010561        0.8711      %
713      0.010511        0.010564        0.5000      %
714      0.010420        0.010508        0.8448      %
715      0.010363        0.010352        0.1045      %
716      0.010343        0.010425        0.7905      %
717      0.010282        0.010393        1.0852      %
718      0.010247        0.010316        0.6661      %
719      0.009184        0.009324        1.5154      %
720      0.001294        0.001319        1.9265      %
721      0.001290        0.001310        1.5197      %
722      0.001288        0.001218        5.4303      %
723      0.001296        0.001300        0.3519      %
724      0.001296        0.001260        2.7771      %
725      0.001300        0.001316        1.1862      %
726      0.001304        0.001324        1.5446      %
727      0.001308        0.001264        3.3226      %
728      0.001308        0.001276        2.4555      %
729      0.001310        0.001276        2.5622      %
730      0.001312        0.001290        1.6905      %
731      0.001315        0.001324        0.6888      %
732      0.001319        0.001297        1.6173      %
733      0.001319        0.001296        1.7511      %
734      0.001320        0.001328        0.6251      %

第 32 次预测 (起始索引 31) | 窗口 MAPE: 6.8675%
------------------------------------------------------------
点位索引     真实值             预测值             单点 MAPE     
------------------------------------------------------------
689      0.001312        0.001306        0.4124      %
690      0.001314        0.001364        3.8376      %
691      0.001318        0.001333        1.1845      %
692      0.001317        0.001328        0.7734      %
693      0.001320        0.001317        0.1890      %
694      0.001318        0.001361        3.2171      %
695      0.001321        0.001386        4.9161      %
696      0.001321        0.001299        1.7124      %
697      0.001324        0.001292        2.3626      %
698      0.001329        0.004631        248.3682    %
699      0.009724        0.009963        2.4514      %
700      0.010215        0.010587        3.6431      %
701      0.010478        0.010633        1.4765      %
702      0.010548        0.010700        1.4416      %
703      0.010634        0.010695        0.5713      %
704      0.010619        0.010702        0.7881      %
705      0.010658        0.010580        0.7305      %
706      0.010572        0.010521        0.4849      %
707      0.010413        0.010419        0.0555      %
708      0.010311        0.010393        0.7887      %
709      0.010151        0.010330        1.7670      %
710      0.010127        0.010406        2.7498      %
711      0.010334        0.010433        0.9570      %
712      0.010470        0.010610        1.3393      %
713      0.010511        0.010514        0.0232      %
714      0.010420        0.010502        0.7890      %
715      0.010363        0.010418        0.5266      %
716      0.010343        0.010369        0.2478      %
717      0.010282        0.010413        1.2777      %
718      0.010247        0.010301        0.5191      %
719      0.009184        0.009328        1.5635      %
720      0.001294        0.001290        0.3097      %
721      0.001290        0.001358        5.2689      %
722      0.001288        0.001271        1.3517      %
723      0.001296        0.001224        5.5343      %
724      0.001296        0.001293        0.2858      %
725      0.001300        0.001278        1.7442      %
726      0.001304        0.001310        0.4908      %
727      0.001308        0.001321        1.0246      %
728      0.001308        0.001269        2.9788      %
729      0.001310        0.001272        2.8420      %
730      0.001312        0.001272        3.0334      %
731      0.001315        0.001292        1.7438      %
732      0.001319        0.001323        0.3368      %
733      0.001319        0.001298        1.5952      %
734      0.001320        0.001296        1.7987      %
735      0.001315        0.001332        1.2701      %

第 33 次预测 (起始索引 32) | 窗口 MAPE: 6.8352%
------------------------------------------------------------
点位索引     真实值             预测值             单点 MAPE     
------------------------------------------------------------
690      0.001314        0.001310        0.3391      %
691      0.001318        0.001366        3.6682      %
692      0.001317        0.001334        1.2709      %
693      0.001320        0.001331        0.8345      %
694      0.001318        0.001318        0.0386      %
695      0.001321        0.001363        3.1880      %
696      0.001321        0.001389        5.1410      %
697      0.001324        0.001300        1.7742      %
698      0.001329        0.004626        248.0055    %
699      0.009724        0.009891        1.7190      %
700      0.010215        0.010606        3.8322      %
701      0.010478        0.010662        1.7581      %
702      0.010548        0.010688        1.3330      %
703      0.010634        0.010689        0.5187      %
704      0.010619        0.010688        0.6574      %
705      0.010658        0.010614        0.4096      %
706      0.010572        0.010525        0.4534      %
707      0.010413        0.010439        0.2470      %
708      0.010311        0.010381        0.6766      %
709      0.010151        0.010313        1.5932      %
710      0.010127        0.010389        2.5909      %
711      0.010334        0.010480        1.4097      %
712      0.010470        0.010564        0.8981      %
713      0.010511        0.010562        0.4851      %
714      0.010420        0.010452        0.3077      %
715      0.010363        0.010410        0.4505      %
716      0.010343        0.010436        0.8946      %
717      0.010282        0.010356        0.7213      %
718      0.010247        0.010323        0.7337      %
719      0.009184        0.009313        1.4019      %
720      0.001294        0.001295        0.0672      %
721      0.001290        0.001327        2.8509      %
722      0.001288        0.001322        2.6536      %
723      0.001296        0.001276        1.5454      %
724      0.001296        0.001216        6.1848      %
725      0.001300        0.001310        0.7331      %
726      0.001304        0.001272        2.4422      %
727      0.001308        0.001309        0.0598      %
728      0.001308        0.001326        1.3661      %
729      0.001310        0.001267        3.2803      %
730      0.001312        0.001268        3.3881      %
731      0.001315        0.001275        3.0929      %
732      0.001319        0.001291        2.1097      %
733      0.001319        0.001324        0.4186      %
734      0.001320        0.001299        1.5799      %
735      0.001315        0.001298        1.3114      %
736      0.001322        0.001333        0.8187      %

第 34 次预测 (起始索引 33) | 窗口 MAPE: 6.8668%
------------------------------------------------------------
点位索引     真实值             预测值             单点 MAPE     
------------------------------------------------------------
691      0.001318        0.001310        0.5717      %
692      0.001317        0.001368        3.8237      %
693      0.001320        0.001335        1.1992      %
694      0.001318        0.001334        1.1699      %
695      0.001321        0.001319        0.1635      %
696      0.001321        0.001366        3.4184      %
697      0.001324        0.001391        5.1113      %
698      0.001329        0.004632        248.4900    %
699      0.009724        0.009888        1.6861      %
700      0.010215        0.010533        3.1168      %
701      0.010478        0.010685        1.9768      %
702      0.010548        0.010715        1.5866      %
703      0.010634        0.010678        0.4136      %
704      0.010619        0.010682        0.6014      %
705      0.010658        0.010601        0.5359      %
706      0.010572        0.010559        0.1257      %
707      0.010413        0.010442        0.2800      %
708      0.010311        0.010401        0.8685      %
709      0.010151        0.010301        1.4837      %
710      0.010127        0.010370        2.4003      %
711      0.010334        0.010464        1.2582      %
712      0.010470        0.010611        1.3473      %
713      0.010511        0.010516        0.0491      %
714      0.010420        0.010500        0.7718      %
715      0.010363        0.010359        0.0352      %
716      0.010343        0.010426        0.7967      %
717      0.010282        0.010424        1.3857      %
718      0.010247        0.010265        0.1691      %
719      0.009184        0.009337        1.6607      %
720      0.001294        0.001280        1.0706      %
721      0.001290        0.001332        3.2503      %
722      0.001288        0.001289        0.1012      %
723      0.001296        0.001330        2.6527      %
724      0.001296        0.001268        2.2243      %
725      0.001300        0.001233        5.1740      %
726      0.001304        0.001304        0.0303      %
727      0.001308        0.001270        2.8664      %
728      0.001308        0.001315        0.5016      %
729      0.001310        0.001323        1.0532      %
730      0.001312        0.001263        3.7417      %
731      0.001315        0.001269        3.4956      %
732      0.001319        0.001273        3.4462      %
733      0.001319        0.001292        2.0384      %
734      0.001320        0.001326        0.4887      %
735      0.001315        0.001302        1.0250      %
736      0.001322        0.001297        1.8839      %
737      0.001320        0.001336        1.1978      %

第 35 次预测 (起始索引 34) | 窗口 MAPE: 6.8756%
------------------------------------------------------------
点位索引     真实值             预测值             单点 MAPE     
------------------------------------------------------------
692      0.001317        0.001311        0.4838      %
693      0.001320        0.001370        3.7922      %
694      0.001318        0.001337        1.4269      %
695      0.001321        0.001337        1.1819      %
696      0.001321        0.001321        0.0281      %
697      0.001324        0.001369        3.4115      %
698      0.001329        0.004724        255.3723    %
699      0.009724        0.009893        1.7399      %
700      0.010215        0.010531        3.0981      %
701      0.010478        0.010610        1.2656      %
702      0.010548        0.010741        1.8345      %
703      0.010634        0.010702        0.6427      %
704      0.010619        0.010671        0.4952      %
705      0.010658        0.010595        0.5937      %
706      0.010572        0.010546        0.2472      %
707      0.010413        0.010477        0.6152      %
708      0.010311        0.010405        0.9056      %
709      0.010151        0.010321        1.6764      %
710      0.010127        0.010360        2.2963      %
711      0.010334        0.010443        1.0562      %
712      0.010470        0.010596        1.2027      %
713      0.010511        0.010563        0.4951      %
714      0.010420        0.010455        0.3352      %
715      0.010363        0.010408        0.4322      %
716      0.010343        0.010375        0.3071      %
717      0.010282        0.010412        1.2651      %
718      0.010247        0.010334        0.8478      %
719      0.009184        0.009279        1.0291      %
720      0.001294        0.001305        0.8601      %
721      0.001290        0.001317        2.1049      %
722      0.001288        0.001295        0.5028      %
723      0.001296        0.001296        0.0410      %
724      0.001296        0.001324        2.1412      %
725      0.001300        0.001285        1.2129      %
726      0.001304        0.001227        5.8994      %
727      0.001308        0.001303        0.3993      %
728      0.001308        0.001277        2.4189      %
729      0.001310        0.001314        0.2980      %
730      0.001312        0.001319        0.5705      %
731      0.001315        0.001266        3.7605      %
732      0.001319        0.001267        3.8755      %
733      0.001319        0.001275        3.3466      %
734      0.001320        0.001294        1.9684      %
735      0.001315        0.001330        1.1012      %
736      0.001322        0.001302        1.5334      %
737      0.001320        0.001299        1.6182      %
738      0.001322        0.001341        1.4228      %

第 36 次预测 (起始索引 35) | 窗口 MAPE: 6.9407%
------------------------------------------------------------
点位索引     真实值             预测值             单点 MAPE     
------------------------------------------------------------
693      0.001320        0.001312        0.5661      %
694      0.001318        0.001372        4.0398      %
695      0.001321        0.001339        1.3599      %
696      0.001321        0.001340        1.4056      %
697      0.001324        0.001322        0.1110      %
698      0.001329        0.004702        253.7158    %
699      0.009724        0.009985        2.6812      %
700      0.010215        0.010536        3.1394      %
701      0.010478        0.010609        1.2554      %
702      0.010548        0.010666        1.1194      %
703      0.010634        0.010731        0.9141      %
704      0.010619        0.010694        0.7059      %
705      0.010658        0.010583        0.7041      %
706      0.010572        0.010540        0.3063      %
707      0.010413        0.010465        0.5001      %
708      0.010311        0.010440        1.2441      %
709      0.010151        0.010326        1.7208      %
710      0.010127        0.010379        2.4864      %
711      0.010334        0.010433        0.9610      %
712      0.010470        0.010574        0.9899      %
713      0.010511        0.010549        0.3572      %
714      0.010420        0.010501        0.7795      %
715      0.010363        0.010363        0.0039      %
716      0.010343        0.010424        0.7788      %
717      0.010282        0.010361        0.7688      %
718      0.010247        0.010320        0.7053      %
719      0.009184        0.009349        1.7972      %
720      0.001294        0.001248        3.5895      %
721      0.001290        0.001343        4.0865      %
722      0.001288        0.001280        0.6652      %
723      0.001296        0.001301        0.4187      %
724      0.001296        0.001290        0.4800      %
725      0.001300        0.001343        3.2484      %
726      0.001304        0.001279        1.8956      %
727      0.001308        0.001225        6.3546      %
728      0.001308        0.001309        0.0474      %
729      0.001310        0.001276        2.6046      %
730      0.001312        0.001311        0.0723      %
731      0.001315        0.001322        0.5188      %
732      0.001319        0.001265        4.0434      %
733      0.001319        0.001269        3.7870      %
734      0.001320        0.001277        3.2297      %
735      0.001315        0.001297        1.3589      %
736      0.001322        0.001331        0.6219      %
737      0.001320        0.001305        1.2050      %
738      0.001322        0.001303        1.4636      %
739      0.001323        0.001341        1.4069      %

第 37 次预测 (起始索引 36) | 窗口 MAPE: 6.7551%
------------------------------------------------------------
点位索引     真实值             预测值             单点 MAPE     
------------------------------------------------------------
694      0.001318        0.001314        0.3706      %
695      0.001321        0.001373        3.9572      %
696      0.001321        0.001341        1.5373      %
697      0.001324        0.001341        1.3538      %
698      0.001329        0.004654        250.1461    %
699      0.009724        0.009964        2.4620      %
700      0.010215        0.010627        4.0324      %
701      0.010478        0.010613        1.2884      %
702      0.010548        0.010665        1.1121      %
703      0.010634        0.010655        0.2018      %
704      0.010619        0.010724        0.9972      %
705      0.010658        0.010604        0.5084      %
706      0.010572        0.010527        0.4252      %
707      0.010413        0.010459        0.4408      %
708      0.010311        0.010429        1.1384      %
709      0.010151        0.010360        2.0607      %
710      0.010127        0.010384        2.5407      %
711      0.010334        0.010452        1.1437      %
712      0.010470        0.010564        0.9034      %
713      0.010511        0.010525        0.1336      %
714      0.010420        0.010488        0.6481      %
715      0.010363        0.010408        0.4327      %
716      0.010343        0.010379        0.3443      %
717      0.010282        0.010410        1.2493      %
718      0.010247        0.010268        0.2033      %
719      0.009184        0.009333        1.6163      %
720      0.001294        0.001319        1.9139      %
721      0.001290        0.001286        0.2981      %
722      0.001288        0.001305        1.3101      %
723      0.001296        0.001286        0.7828      %
724      0.001296        0.001295        0.1493      %
725      0.001300        0.001309        0.6943      %
726      0.001304        0.001337        2.5963      %
727      0.001308        0.001278        2.2748      %
728      0.001308        0.001230        5.9599      %
729      0.001310        0.001308        0.1484      %
730      0.001312        0.001273        2.9438      %
731      0.001315        0.001315        0.0133      %
732      0.001319        0.001321        0.1930      %
733      0.001319        0.001268        3.8462      %
734      0.001320        0.001272        3.6689      %
735      0.001315        0.001282        2.5626      %
736      0.001322        0.001298        1.8113      %
737      0.001320        0.001333        0.9821      %
738      0.001322        0.001309        0.9944      %
739      0.001323        0.001303        1.5084      %
740      0.001323        0.001344        1.5915      %

第 38 次预测 (起始索引 37) | 窗口 MAPE: 6.8592%
------------------------------------------------------------
点位索引     真实值             预测值             单点 MAPE     
------------------------------------------------------------
695      0.001321        0.001315        0.4836      %
696      0.001321        0.001375        4.0938      %
697      0.001324        0.001343        1.4734      %
698      0.001329        0.004674        251.5818    %
699      0.009724        0.009916        1.9689      %
700      0.010215        0.010606        3.8329      %
701      0.010478        0.010703        2.1522      %
702      0.010548        0.010668        1.1408      %
703      0.010634        0.010654        0.1916      %
704      0.010619        0.010649        0.2869      %
705      0.010658        0.010636        0.2059      %
706      0.010572        0.010547        0.2380      %
707      0.010413        0.010445        0.3097      %
708      0.010311        0.010423        1.0807      %
709      0.010151        0.010350        1.9666      %
710      0.010127        0.010418        2.8731      %
711      0.010334        0.010459        1.2098      %
712      0.010470        0.010583        1.0800      %
713      0.010511        0.010517        0.0556      %
714      0.010420        0.010463        0.4131      %
715      0.010363        0.010395        0.3101      %
716      0.010343        0.010423        0.7672      %
717      0.010282        0.010365        0.8142      %
718      0.010247        0.010318        0.6935      %
719      0.009184        0.009281        1.0515      %
720      0.001294        0.001300        0.4946      %
721      0.001290        0.001358        5.2450      %
722      0.001288        0.001250        2.9556      %
723      0.001296        0.001310        1.1152      %
724      0.001296        0.001278        1.4122      %
725      0.001300        0.001313        0.9507      %
726      0.001304        0.001306        0.1793      %
727      0.001308        0.001336        2.1691      %
728      0.001308        0.001285        1.7557      %
729      0.001310        0.001228        6.2089      %
730      0.001312        0.001305        0.5099      %
731      0.001315        0.001278        2.8393      %
732      0.001319        0.001315        0.2345      %
733      0.001319        0.001323        0.3462      %
734      0.001320        0.001272        3.6037      %
735      0.001315        0.001276        2.9948      %
736      0.001322        0.001284        2.9325      %
737      0.001320        0.001301        1.4335      %
738      0.001322        0.001338        1.2045      %
739      0.001323        0.001310        0.9900      %
740      0.001323        0.001306        1.3050      %
741      0.001328        0.001344        1.2280      %

第 39 次预测 (起始索引 38) | 窗口 MAPE: 6.8959%
------------------------------------------------------------
点位索引     真实值             预测值             单点 MAPE     
------------------------------------------------------------
696      0.001321        0.001316        0.3748      %
697      0.001324        0.001376        3.9550      %
698      0.001329        0.004675        251.7239    %
699      0.009724        0.009934        2.1542      %
700      0.010215        0.010558        3.3622      %
701      0.010478        0.010684        1.9687      %
702      0.010548        0.010757        1.9878      %
703      0.010634        0.010657        0.2192      %
704      0.010619        0.010647        0.2677      %
705      0.010658        0.010562        0.9043      %
706      0.010572        0.010580        0.0719      %
707      0.010413        0.010465        0.4940      %
708      0.010311        0.010408        0.9356      %
709      0.010151        0.010345        1.9119      %
710      0.010127        0.010410        2.7943      %
711      0.010334        0.010491        1.5226      %
712      0.010470        0.010591        1.1607      %
713      0.010511        0.010535        0.2277      %
714      0.010420        0.010456        0.3429      %
715      0.010363        0.010370        0.0670      %
716      0.010343        0.010411        0.6560      %
717      0.010282        0.010407        1.2209      %
718      0.010247        0.010274        0.2587      %
719      0.009184        0.009332        1.6098      %
720      0.001294        0.001248        3.5446      %
721      0.001290        0.001338        3.7134      %
722      0.001288        0.001321        2.5856      %
723      0.001296        0.001258        2.9552      %
724      0.001296        0.001301        0.3624      %
725      0.001300        0.001295        0.3929      %
726      0.001304        0.001308        0.3356      %
727      0.001308        0.001307        0.0360      %
728      0.001308        0.001342        2.5773      %
729      0.001310        0.001285        1.8511      %
730      0.001312        0.001225        6.6246      %
731      0.001315        0.001309        0.4430      %
732      0.001319        0.001279        3.0023      %
733      0.001319        0.001319        0.0129      %
734      0.001320        0.001327        0.5300      %
735      0.001315        0.001279        2.7860      %
736      0.001322        0.001278        3.3497      %
737      0.001320        0.001288        2.4683      %
738      0.001322        0.001306        1.1801      %
739      0.001323        0.001339        1.2060      %
740      0.001323        0.001313        0.7451      %
741      0.001328        0.001306        1.5898      %
742      0.001325        0.001347        1.6232      %

第 40 次预测 (起始索引 39) | 窗口 MAPE: 6.8255%
------------------------------------------------------------
点位索引     真实值             预测值             单点 MAPE     
------------------------------------------------------------
697      0.001324        0.001317        0.5237      %
698      0.001329        0.004707        254.0949    %
699      0.009724        0.009936        2.1816      %
700      0.010215        0.010575        3.5212      %
701      0.010478        0.010636        1.5127      %
702      0.010548        0.010739        1.8183      %
703      0.010634        0.010745        1.0442      %
704      0.010619        0.010650        0.2981      %
705      0.010658        0.010558        0.9385      %
706      0.010572        0.010507        0.6166      %
707      0.010413        0.010497        0.8054      %
708      0.010311        0.010427        1.1203      %
709      0.010151        0.010328        1.7496      %
710      0.010127        0.010405        2.7449      %
711      0.010334        0.010485        1.4626      %
712      0.010470        0.010622        1.4517      %
713      0.010511        0.010546        0.3262      %
714      0.010420        0.010473        0.5128      %
715      0.010363        0.010364        0.0050      %
716      0.010343        0.010386        0.4083      %
717      0.010282        0.010397        1.1224      %
718      0.010247        0.010313        0.6440      %
719      0.009184        0.009288        1.1263      %
720      0.001294        0.001301        0.5130      %
721      0.001290        0.001285        0.3655      %
722      0.001288        0.001301        0.9762      %
723      0.001296        0.001328        2.5079      %
724      0.001296        0.001251        3.4938      %
725      0.001300        0.001316        1.1983      %
726      0.001304        0.001289        1.1127      %
727      0.001308        0.001308        0.0053      %
728      0.001308        0.001317        0.6479      %
729      0.001310        0.001340        2.2897      %
730      0.001312        0.001285        2.0868      %
731      0.001315        0.001228        6.6109      %
732      0.001319        0.001310        0.6592      %
733      0.001319        0.001283        2.6895      %
734      0.001320        0.001324        0.2793      %
735      0.001315        0.001332        1.2957      %
736      0.001322        0.001283        2.9793      %
737      0.001320        0.001282        2.8725      %
738      0.001322        0.001294        2.1161      %
739      0.001323        0.001308        1.1426      %
740      0.001323        0.001342        1.4309      %
741      0.001328        0.001314        0.9980      %
742      0.001325        0.001311        1.0769      %
743      0.001329        0.001347        1.4230      %

第 41 次预测 (起始索引 40) | 窗口 MAPE: 6.8343%
------------------------------------------------------------
点位索引     真实值             预测值             单点 MAPE     
------------------------------------------------------------
698      0.001329        0.004648        249.6279    %
699      0.009724        0.009966        2.4881      %
700      0.010215        0.010578        3.5591      %
701      0.010478        0.010650        1.6440      %
702      0.010548        0.010692        1.3726      %
703      0.010634        0.010729        0.8905      %
704      0.010619        0.010736        1.1047      %
705      0.010658        0.010562        0.9019      %
706      0.010572        0.010501        0.6724      %
707      0.010413        0.010427        0.1286      %
708      0.010311        0.010458        1.4233      %
709      0.010151        0.010348        1.9403      %
710      0.010127        0.010387        2.5661      %
711      0.010334        0.010481        1.4209      %
712      0.010470        0.010618        1.4113      %
713      0.010511        0.010574        0.5935      %
714      0.010420        0.010486        0.6331      %
715      0.010363        0.010381        0.1726      %
716      0.010343        0.010380        0.3546      %
717      0.010282        0.010371        0.8722      %
718      0.010247        0.010305        0.5605      %
719      0.009184        0.009325        1.5267      %
720      0.001294        0.001256        2.9106      %
721      0.001290        0.001339        3.8118      %
722      0.001288        0.001248        3.1303      %
723      0.001296        0.001307        0.8698      %
724      0.001296        0.001321        1.8856      %
725      0.001300        0.001269        2.3946      %
726      0.001304        0.001307        0.2438      %
727      0.001308        0.001287        1.5793      %
728      0.001308        0.001315        0.5291      %
729      0.001310        0.001319        0.7057      %
730      0.001312        0.001335        1.7835      %
731      0.001315        0.001291        1.8708      %
732      0.001319        0.001228        6.8822      %
733      0.001319        0.001313        0.4116      %
734      0.001320        0.001289        2.3422      %
735      0.001315        0.001330        1.1124      %
736      0.001322        0.001336        1.0023      %
737      0.001320        0.001290        2.3178      %
738      0.001322        0.001289        2.5083      %
739      0.001323        0.001297        1.9738      %
740      0.001323        0.001312        0.8763      %
741      0.001328        0.001343        1.1329      %
742      0.001325        0.001319        0.4582      %
743      0.001329        0.001314        1.0960      %
744      0.001330        0.001350        1.5185      %

【详细预测数据 (截取前5次与最后5次)】
第 1 次预测 (起始索引 0) | 窗口 MAPE: 6.6859%
------------------------------------------------------------
点位索引     真实值             预测值             单点 MAPE     
------------------------------------------------------------
658      0.010583        0.010582        0.0105      %
659      0.010528        0.010651        1.1667      %
660      0.010447        0.010522        0.7217      %
661      0.010409        0.010443        0.3203      %
662      0.010330        0.010376        0.4489      %
663      0.010389        0.010449        0.5849      %
664      0.010463        0.010640        1.6974      %
665      0.010594        0.010536        0.5521      %
666      0.010547        0.010573        0.2488      %
667      0.010485        0.010537        0.4925      %
668      0.010393        0.010524        1.2605      %
669      0.010410        0.010456        0.4492      %
670      0.010396        0.010365        0.2959      %
671      0.010304        0.010368        0.6221      %
672      0.009318        0.008949        3.9594      %
673      0.001286        0.001283        0.1922      %
674      0.001324        0.001270        4.0949      %
675      0.001288        0.001270        1.3703      %
676      0.001295        0.001269        2.0102      %
677      0.001289        0.001261        2.1826      %
678      0.001307        0.001287        1.5340      %
679      0.001302        0.001300        0.1663      %
680      0.001302        0.001266        2.7067      %
681      0.001308        0.001316        0.6514      %
682      0.001307        0.001252        4.1865      %
683      0.001303        0.001316        0.9339      %
684      0.001306        0.001342        2.7646      %
685      0.001305        0.001263        3.2444      %
686      0.001306        0.001324        1.3588      %
687      0.001308        0.001297        0.8642      %
688      0.001311        0.001313        0.1399      %
689      0.001312        0.001327        1.1832      %
690      0.001314        0.001348        2.6267      %
691      0.001318        0.001300        1.3153      %
692      0.001317        0.001233        6.3897      %
693      0.001320        0.001314        0.4314      %
694      0.001318        0.001300        1.4126      %
695      0.001321        0.001332        0.8503      %
696      0.001321        0.001328        0.5336      %
697      0.001324        0.001304        1.5011      %
698      0.001329        0.004625        247.9597    %
699      0.009724        0.009893        1.7395      %
700      0.010215        0.010542        3.2048      %
701      0.010478        0.010660        1.7428      %
702      0.010548        0.010671        1.1648      %
703      0.010634        0.010660        0.2431      %
704      0.010619        0.010694        0.7079      %

第 2 次预测 (起始索引 1) | 窗口 MAPE: 6.6818%
------------------------------------------------------------
点位索引     真实值             预测值             单点 MAPE     
------------------------------------------------------------
659      0.010528        0.010611        0.7891      %
660      0.010447        0.010554        1.0294      %
661      0.010409        0.010451        0.4005      %
662      0.010330        0.010380        0.4808      %
663      0.010389        0.010404        0.1502      %
664      0.010463        0.010637        1.6625      %
665      0.010594        0.010621        0.2553      %
666      0.010547        0.010563        0.1549      %
667      0.010485        0.010548        0.5950      %
668      0.010393        0.010446        0.5101      %
669      0.010410        0.010500        0.8655      %
670      0.010396        0.010370        0.2531      %
671      0.010304        0.010359        0.5355      %
672      0.009318        0.008939        4.0611      %
673      0.001286        0.001289        0.1995      %
674      0.001324        0.001290        2.5564      %
675      0.001288        0.001275        1.0370      %
676      0.001295        0.001279        1.2932      %
677      0.001289        0.001272        1.3067      %
678      0.001307        0.001258        3.7874      %
679      0.001302        0.001293        0.7407      %
680      0.001302        0.001306        0.3080      %
681      0.001308        0.001267        3.1305      %
682      0.001307        0.001325        1.4424      %
683      0.001303        0.001248        4.2623      %
684      0.001306        0.001320        1.0711      %
685      0.001305        0.001348        3.2789      %
686      0.001306        0.001263        3.2816      %
687      0.001308        0.001331        1.7077      %
688      0.001311        0.001299        0.9303      %
689      0.001312        0.001313        0.1066      %
690      0.001314        0.001328        1.0563      %
691      0.001318        0.001350        2.4561      %
692      0.001317        0.001299        1.4003      %
693      0.001320        0.001232        6.6295      %
694      0.001318        0.001313        0.3941      %
695      0.001321        0.001299        1.6781      %
696      0.001321        0.001332        0.7875      %
697      0.001324        0.001326        0.1512      %
698      0.001329        0.004634        248.6208    %
699      0.009724        0.009886        1.6639      %
700      0.010215        0.010533        3.1157      %
701      0.010478        0.010618        1.3346      %
702      0.010548        0.010714        1.5791      %
703      0.010634        0.010657        0.2185      %
704      0.010619        0.010649        0.2877      %
705      0.010658        0.010606        0.4854      %

第 3 次预测 (起始索引 2) | 窗口 MAPE: 6.7068%
------------------------------------------------------------
点位索引     真实值             预测值             单点 MAPE     
------------------------------------------------------------
660      0.010447        0.010517        0.6709      %
661      0.010409        0.010482        0.7024      %
662      0.010330        0.010387        0.5545      %
663      0.010389        0.010409        0.1943      %
664      0.010463        0.010590        1.2178      %
665      0.010594        0.010617        0.2194      %
666      0.010547        0.010650        0.9743      %
667      0.010485        0.010536        0.4853      %
668      0.010393        0.010460        0.6389      %
669      0.010410        0.010419        0.0936      %
670      0.010396        0.010416        0.1962      %
671      0.010304        0.010361        0.5509      %
672      0.009318        0.008932        4.1400      %
673      0.001286        0.001278        0.6197      %
674      0.001324        0.001294        2.2521      %
675      0.001288        0.001299        0.8324      %
676      0.001295        0.001280        1.1730      %
677      0.001289        0.001281        0.6106      %
678      0.001307        0.001270        2.8958      %
679      0.001302        0.001263        3.0182      %
680      0.001302        0.001295        0.4978      %
681      0.001308        0.001309        0.0482      %
682      0.001307        0.001275        2.4083      %
683      0.001303        0.001323        1.5069      %
684      0.001306        0.001251        4.2569      %
685      0.001305        0.001325        1.5150      %
686      0.001306        0.001349        3.3056      %
687      0.001308        0.001266        3.2089      %
688      0.001311        0.001336        1.8944      %
689      0.001312        0.001301        0.8102      %
690      0.001314        0.001314        0.0315      %
691      0.001318        0.001326        0.6547      %
692      0.001317        0.001352        2.5933      %
693      0.001320        0.001298        1.6120      %
694      0.001318        0.001232        6.5699      %
695      0.001321        0.001313        0.6031      %
696      0.001321        0.001299        1.6910      %
697      0.001324        0.001331        0.5293      %
698      0.001329        0.004655        250.1547    %
699      0.009724        0.009894        1.7422      %
700      0.010215        0.010529        3.0704      %
701      0.010478        0.010608        1.2464      %
702      0.010548        0.010671        1.1722      %
703      0.010634        0.010702        0.6398      %
704      0.010619        0.010648        0.2805      %
705      0.010658        0.010558        0.9396      %
706      0.010572        0.010552        0.1954      %

第 4 次预测 (起始索引 3) | 窗口 MAPE: 6.8511%
------------------------------------------------------------
点位索引     真实值             预测值             单点 MAPE     
------------------------------------------------------------
661      0.010409        0.010447        0.3630      %
662      0.010330        0.010418        0.8485      %
663      0.010389        0.010416        0.2621      %
664      0.010463        0.010596        1.2700      %
665      0.010594        0.010570        0.2314      %
666      0.010547        0.010645        0.9347      %
667      0.010485        0.010624        1.3167      %
668      0.010393        0.010447        0.5190      %
669      0.010410        0.010435        0.2416      %
670      0.010396        0.010334        0.5939      %
671      0.010304        0.010410        1.0306      %
672      0.009318        0.008932        4.1432      %
673      0.001286        0.001271        1.1256      %
674      0.001324        0.001283        3.1077      %
675      0.001288        0.001301        1.0537      %
676      0.001295        0.001308        0.9652      %
677      0.001289        0.001280        0.6660      %
678      0.001307        0.001278        2.2219      %
679      0.001302        0.001275        2.1173      %
680      0.001302        0.001266        2.7640      %
681      0.001308        0.001295        0.9741      %
682      0.001307        0.001319        0.9144      %
683      0.001303        0.001272        2.4222      %
684      0.001306        0.001327        1.6109      %
685      0.001305        0.001254        3.9386      %
686      0.001306        0.001326        1.4864      %
687      0.001308        0.001353        3.3974      %
688      0.001311        0.001269        3.2242      %
689      0.001312        0.001341        2.2005      %
690      0.001314        0.001304        0.7556      %
691      0.001318        0.001314        0.3170      %
692      0.001317        0.001326        0.6249      %
693      0.001320        0.001353        2.5388      %
694      0.001318        0.001299        1.4910      %
695      0.001321        0.001232        6.7524      %
696      0.001321        0.001314        0.5232      %
697      0.001324        0.001298        1.9105      %
698      0.001329        0.004661        250.6418    %
699      0.009724        0.009913        1.9426      %
700      0.010215        0.010535        3.1315      %
701      0.010478        0.010607        1.2305      %
702      0.010548        0.010662        1.0848      %
703      0.010634        0.010659        0.2394      %
704      0.010619        0.010693        0.7053      %
705      0.010658        0.010559        0.9293      %
706      0.010572        0.010500        0.6836      %
707      0.010413        0.010471        0.5531      %

第 5 次预测 (起始索引 4) | 窗口 MAPE: 6.7899%
------------------------------------------------------------
点位索引     真实值             预测值             单点 MAPE     
------------------------------------------------------------
662      0.010330        0.010384        0.5259      %
663      0.010389        0.010445        0.5427      %
664      0.010463        0.010602        1.3347      %
665      0.010594        0.010575        0.1766      %
666      0.010547        0.010597        0.4723      %
667      0.010485        0.010619        1.2724      %
668      0.010393        0.010535        1.3639      %
669      0.010410        0.010422        0.1178      %
670      0.010396        0.010351        0.4318      %
671      0.010304        0.010327        0.2215      %
672      0.009318        0.008983        3.5923      %
673      0.001286        0.001270        1.2200      %
674      0.001324        0.001277        3.5793      %
675      0.001288        0.001290        0.1322      %
676      0.001295        0.001309        1.0911      %
677      0.001289        0.001311        1.7387      %
678      0.001307        0.001276        2.4168      %
679      0.001302        0.001283        1.4456      %
680      0.001302        0.001277        1.8714      %
681      0.001308        0.001266        3.1910      %
682      0.001307        0.001303        0.3071      %
683      0.001303        0.001317        1.0104      %
684      0.001306        0.001275        2.3796      %
685      0.001305        0.001331        2.0344      %
686      0.001306        0.001253        4.0599      %
687      0.001308        0.001329        1.5446      %
688      0.001311        0.001355        3.3634      %
689      0.001312        0.001272        3.0623      %
690      0.001314        0.001345        2.3693      %
691      0.001318        0.001305        1.0001      %
692      0.001317        0.001313        0.3056      %
693      0.001320        0.001326        0.4751      %
694      0.001318        0.001355        2.7633      %
695      0.001321        0.001300        1.6133      %
696      0.001321        0.001233        6.6671      %
697      0.001324        0.001315        0.6368      %
698      0.001329        0.004629        248.2302    %
699      0.009724        0.009921        2.0212      %
700      0.010215        0.010554        3.3174      %
701      0.010478        0.010611        1.2753      %
702      0.010548        0.010663        1.0971      %
703      0.010634        0.010650        0.1545      %
704      0.010619        0.010652        0.3104      %
705      0.010658        0.010604        0.5094      %
706      0.010572        0.010503        0.6576      %
707      0.010413        0.010417        0.0330      %
708      0.010311        0.010434        1.1909      %

...
【最后5次预测详情】
第 81 次预测 (起始索引 80) | 窗口 MAPE: 1.6260%
------------------------------------------------------------
点位索引     真实值             预测值             单点 MAPE     
------------------------------------------------------------
738      0.001322        0.001317        0.4178      %
739      0.001323        0.001374        3.8329      %
740      0.001323        0.001342        1.4511      %
741      0.001328        0.001338        0.8171      %
742      0.001325        0.001324        0.0732      %
743      0.001329        0.001370        3.1039      %
744      0.001330        0.001395        4.9448      %
745      0.001333        0.001310        1.7197      %
746      0.009736        0.009700        0.3721      %
747      0.010152        0.010193        0.3989      %
748      0.010477        0.010530        0.5048      %
749      0.010475        0.010574        0.9492      %
750      0.010495        0.010634        1.3242      %
751      0.010492        0.010630        1.3069      %
752      0.010440        0.010675        2.2572      %
753      0.010421        0.010603        1.7499      %
754      0.010439        0.010409        0.2904      %
755      0.010360        0.010303        0.5531      %
756      0.010194        0.010122        0.7076      %
757      0.010186        0.010109        0.7618      %
758      0.010297        0.010335        0.3678      %
759      0.010458        0.010487        0.2745      %
760      0.010414        0.010481        0.6405      %
761      0.010435        0.010435        0.0043      %
762      0.010366        0.010329        0.3516      %
763      0.010328        0.010360        0.3040      %
764      0.010248        0.010310        0.6030      %
765      0.010191        0.010208        0.1622      %
766      0.007940        0.009204        15.9081     %
767      0.001281        0.001288        0.5363      %
768      0.001282        0.001298        1.2628      %
769      0.001293        0.001290        0.2235      %
770      0.001293        0.001331        2.9369      %
771      0.001294        0.001275        1.4333      %
772      0.001301        0.001226        5.7207      %
773      0.001299        0.001305        0.5013      %
774      0.001302        0.001277        1.9278      %
775      0.001305        0.001315        0.7556      %
776      0.001311        0.001327        1.1885      %
777      0.001310        0.001271        2.9325      %
778      0.001314        0.001278        2.6962      %
779      0.001321        0.001287        2.5667      %
780      0.001317        0.001304        0.9463      %
781      0.001325        0.001338        1.0226      %
782      0.001320        0.001306        1.1057      %
783      0.001322        0.001308        1.0959      %
784      0.001324        0.001343        1.4177      %

第 82 次预测 (起始索引 81) | 窗口 MAPE: 1.6404%
------------------------------------------------------------
点位索引     真实值             预测值             单点 MAPE     
------------------------------------------------------------
739      0.001323        0.001317        0.4557      %
740      0.001323        0.001377        4.0383      %
741      0.001328        0.001342        1.0683      %
742      0.001325        0.001342        1.2736      %
743      0.001329        0.001324        0.3235      %
744      0.001330        0.001373        3.2515      %
745      0.001333        0.001402        5.1441      %
746      0.009736        0.009705        0.3186      %
747      0.010152        0.010191        0.3806      %
748      0.010477        0.010455        0.2068      %
749      0.010475        0.010600        1.1995      %
750      0.010495        0.010658        1.5554      %
751      0.010492        0.010618        1.2000      %
752      0.010440        0.010669        2.1981      %
753      0.010421        0.010590        1.6265      %
754      0.010439        0.010444        0.0442      %
755      0.010360        0.010307        0.5167      %
756      0.010194        0.010142        0.5157      %
757      0.010186        0.010098        0.8652      %
758      0.010297        0.010314        0.1648      %
759      0.010458        0.010472        0.1295      %
760      0.010414        0.010528        1.0912      %
761      0.010435        0.010389        0.4402      %
762      0.010366        0.010378        0.1156      %
763      0.010328        0.010309        0.1864      %
764      0.010248        0.010298        0.4821      %
765      0.010191        0.010278        0.8447      %
766      0.007940        0.009145        15.1767     %
767      0.001281        0.001313        2.4928      %
768      0.001282        0.001283        0.1112      %
769      0.001293        0.001295        0.1772      %
770      0.001293        0.001297        0.3138      %
771      0.001294        0.001332        2.9469      %
772      0.001301        0.001278        1.7629      %
773      0.001299        0.001228        5.4500      %
774      0.001302        0.001309        0.5489      %
775      0.001305        0.001277        2.1715      %
776      0.001311        0.001317        0.4343      %
777      0.001310        0.001328        1.3835      %
778      0.001314        0.001275        2.9596      %
779      0.001321        0.001281        2.9972      %
780      0.001317        0.001287        2.2587      %
781      0.001325        0.001306        1.4261      %
782      0.001320        0.001334        1.0135      %
783      0.001322        0.001313        0.7437      %
784      0.001324        0.001305        1.3961      %
785      0.001323        0.001345        1.6962      %

第 83 次预测 (起始索引 82) | 窗口 MAPE: 1.5887%
------------------------------------------------------------
点位索引     真实值             预测值             单点 MAPE     
------------------------------------------------------------
740      0.001323        0.001319        0.3066      %
741      0.001328        0.001376        3.6649      %
742      0.001325        0.001345        1.4469      %
743      0.001329        0.001343        1.1080      %
744      0.001330        0.001326        0.2555      %
745      0.001333        0.001379        3.4905      %
746      0.009736        0.009796        0.6217      %
747      0.010152        0.010195        0.4219      %
748      0.010477        0.010454        0.2165      %
749      0.010475        0.010525        0.4789      %
750      0.010495        0.010687        1.8313      %
751      0.010492        0.010641        1.4124      %
752      0.010440        0.010657        2.0860      %
753      0.010421        0.010584        1.5664      %
754      0.010439        0.010432        0.0709      %
755      0.010360        0.010342        0.1795      %
756      0.010194        0.010146        0.4720      %
757      0.010186        0.010117        0.6762      %
758      0.010297        0.010305        0.0693      %
759      0.010458        0.010449        0.0839      %
760      0.010414        0.010513        0.9518      %
761      0.010435        0.010436        0.0039      %
762      0.010366        0.010332        0.3204      %
763      0.010328        0.010358        0.2859      %
764      0.010248        0.010247        0.0158      %
765      0.010191        0.010263        0.7014      %
766      0.007940        0.009216        16.0654     %
767      0.001281        0.001256        2.0067      %
768      0.001282        0.001309        2.1128      %
769      0.001293        0.001280        0.9849      %
770      0.001293        0.001302        0.6934      %
771      0.001294        0.001298        0.3138      %
772      0.001301        0.001336        2.7040      %
773      0.001299        0.001280        1.4338      %
774      0.001302        0.001231        5.4336      %
775      0.001305        0.001309        0.2998      %
776      0.001311        0.001279        2.4655      %
777      0.001310        0.001320        0.7406      %
778      0.001314        0.001331        1.3225      %
779      0.001321        0.001279        3.1643      %
780      0.001317        0.001281        2.7006      %
781      0.001325        0.001289        2.6850      %
782      0.001320        0.001301        1.4374      %
783      0.001322        0.001341        1.4129      %
784      0.001324        0.001311        0.9822      %
785      0.001323        0.001307        1.1945      %
786      0.001323        0.001347        1.7770      %

第 84 次预测 (起始索引 83) | 窗口 MAPE: 1.5337%
------------------------------------------------------------
点位索引     真实值             预测值             单点 MAPE     
------------------------------------------------------------
741      0.001328        0.001318        0.7142      %
742      0.001325        0.001379        4.0373      %
743      0.001329        0.001345        1.2350      %
744      0.001330        0.001346        1.2079      %
745      0.001333        0.001332        0.0709      %
746      0.009736        0.009775        0.4026      %
747      0.010152        0.010286        1.3207      %
748      0.010477        0.010458        0.1837      %
749      0.010475        0.010524        0.4721      %
750      0.010495        0.010611        1.1089      %
751      0.010492        0.010672        1.7081      %
752      0.010440        0.010678        2.2849      %
753      0.010421        0.010572        1.4463      %
754      0.010439        0.010426        0.1302      %
755      0.010360        0.010331        0.2849      %
756      0.010194        0.010181        0.1331      %
757      0.010186        0.010123        0.6226      %
758      0.010297        0.010323        0.2527      %
759      0.010458        0.010440        0.1704      %
760      0.010414        0.010490        0.7258      %
761      0.010435        0.010422        0.1275      %
762      0.010366        0.010378        0.1165      %
763      0.010328        0.010313        0.1492      %
764      0.010248        0.010296        0.4661      %
765      0.010191        0.010211        0.1965      %
766      0.007940        0.009199        15.8559     %
767      0.001281        0.001327        3.5533      %
768      0.001282        0.001252        2.3067      %
769      0.001293        0.001305        0.9904      %
770      0.001293        0.001286        0.5085      %
771      0.001294        0.001302        0.6467      %
772      0.001301        0.001302        0.1436      %
773      0.001299        0.001339        3.0817      %
774      0.001302        0.001284        1.3370      %
775      0.001305        0.001230        5.7209      %
776      0.001311        0.001311        0.0116      %
777      0.001310        0.001282        2.1359      %
778      0.001314        0.001324        0.7911      %
779      0.001321        0.001335        1.0638      %
780      0.001317        0.001281        2.7603      %
781      0.001325        0.001283        3.1227      %
782      0.001320        0.001285        2.6383      %
783      0.001322        0.001309        1.0204      %
784      0.001324        0.001340        1.2008      %
785      0.001323        0.001313        0.7238      %
786      0.001323        0.001308        1.1435      %
787      0.001325        0.001348        1.7579      %

第 85 次预测 (起始索引 84) | 窗口 MAPE: 1.6139%
------------------------------------------------------------
点位索引     真实值             预测值             单点 MAPE     
------------------------------------------------------------
742      0.001325        0.001320        0.3877      %
743      0.001329        0.001379        3.7792      %
744      0.001330        0.001347        1.3233      %
745      0.001333        0.001351        1.3658      %
746      0.009736        0.009727        0.0903      %
747      0.010152        0.010266        1.1197      %
748      0.010477        0.010548        0.6804      %
749      0.010475        0.010527        0.5007      %
750      0.010495        0.010610        1.0992      %
751      0.010492        0.010596        0.9886      %
752      0.010440        0.010711        2.5947      %
753      0.010421        0.010591        1.6355      %
754      0.010439        0.010412        0.2606      %
755      0.010360        0.010325        0.3424      %
756      0.010194        0.010171        0.2271      %
757      0.010186        0.010156        0.2916      %
758      0.010297        0.010330        0.3185      %
759      0.010458        0.010459        0.0063      %
760      0.010414        0.010482        0.6471      %
761      0.010435        0.010397        0.3624      %
762      0.010366        0.010365        0.0063      %
763      0.010328        0.010357        0.2748      %
764      0.010248        0.010251        0.0296      %
765      0.010191        0.010262        0.6894      %
766      0.007940        0.009148        15.2024     %
767      0.001281        0.001308        2.1180      %
768      0.001282        0.001324        3.2758      %
769      0.001293        0.001250        3.2665      %
770      0.001293        0.001311        1.4004      %
771      0.001294        0.001286        0.6164      %
772      0.001301        0.001306        0.4018      %
773      0.001299        0.001307        0.6490      %
774      0.001302        0.001343        3.1347      %
775      0.001305        0.001285        1.5091      %
776      0.001311        0.001231        6.0656      %
777      0.001310        0.001314        0.3026      %
778      0.001314        0.001287        2.0391      %
779      0.001321        0.001329        0.6385      %
780      0.001317        0.001336        1.4368      %
781      0.001325        0.001284        3.0588      %
782      0.001320        0.001280        3.0683      %
783      0.001322        0.001294        2.1430      %
784      0.001324        0.001308        1.2088      %
785      0.001323        0.001342        1.4757      %
786      0.001323        0.001315        0.6237      %
787      0.001325        0.001310        1.1416      %
788      0.001326        0.001353        2.0570      %
